Year,State,Retailer,Product,SalesMethod,state_code,TotalSales
2020,California,West Gear,Men's Apparel,Online,CA,33169
2020,California,West Gear,Men's Apparel,Outlet,CA,1287100
2020,California,West Gear,Men's Athletic Footwear,Online,CA,33026
2020,California,West Gear,Men's Athletic Footwear,Outlet,CA,1249879
2020,California,West Gear,Men's Street Footwear,Online,CA,46401
2020,California,West Gear,Men's Street Footwear,Outlet,CA,1860604
2020,California,West Gear,Women's Apparel,Online,CA,45745
2020,California,West Gear,Women's Apparel,Outlet,CA,1758053
2020,California,West Gear,Women's Athletic Footwear,Online,CA,27294
2020,California,West Gear,Women's Athletic Footwear,Outlet,CA,1048726
2020,California,West Gear,Women's Street Footwear,Online,CA,34209
2020,California,West Gear,Women's Street Footwear,Outlet,CA,1285184
2020,Colorado,West Gear,Men's Apparel,In-store,CO,2573750
2020,Colorado,West Gear,Men's Apparel,Online,CO,66257
2020,Colorado,West Gear,Men's Athletic Footwear,In-store,CO,3937500
2020,Colorado,West Gear,Men's Athletic Footwear,Online,CO,102315
2020,Colorado,West Gear,Men's Street Footwear,In-store,CO,4083750
2020,Colorado,West Gear,Men's Street Footwear,Online,CO,100068
2020,Colorado,West Gear,Women's Apparel,In-store,CO,3842500
2020,Colorado,West Gear,Women's Apparel,Online,CO,97455
2020,Colorado,West Gear,Women's Athletic Footwear,In-store,CO,2730000
2020,Colorado,West Gear,Women's Athletic Footwear,Online,CO,69988
2020,Colorado,West Gear,Women's Street Footwear,In-store,CO,3307500
2020,Colorado,West Gear,Women's Street Footwear,Online,CO,85453
2020,Florida,Foot Locker,Men's Apparel,In-store,FL,2112500
2020,Florida,Foot Locker,Men's Apparel,Online,FL,54770
2020,Florida,Foot Locker,Men's Athletic Footwear,In-store,FL,1513750
2020,Florida,Foot Locker,Men's Athletic Footwear,Online,FL,40320
2020,Florida,Foot Locker,Men's Street Footwear,In-store,FL,2172750
2020,Florida,Foot Locker,Men's Street Footwear,Online,FL,54832
2020,Florida,Foot Locker,Women's Apparel,In-store,FL,2281250
2020,Florida,Foot Locker,Women's Apparel,Online,FL,58222
2020,Florida,Foot Locker,Women's Athletic Footwear,In-store,FL,628750
2020,Florida,Foot Locker,Women's Athletic Footwear,Online,FL,17306
2020,Florida,Foot Locker,Women's Street Footwear,In-store,FL,613750
2020,Florida,Foot Locker,Women's Street Footwear,Online,FL,16136
2020,Florida,Sports Direct,Men's Apparel,In-store,FL,1306250
2020,Florida,Sports Direct,Men's Apparel,Online,FL,33753
2020,Florida,Sports Direct,Men's Athletic Footwear,In-store,FL,1293750
2020,Florida,Sports Direct,Men's Athletic Footwear,Online,FL,34035
2020,Florida,Sports Direct,Men's Street Footwear,In-store,FL,1883750
2020,Florida,Sports Direct,Men's Street Footwear,Online,FL,49133
2020,Florida,Sports Direct,Women's Apparel,In-store,FL,1626250
2020,Florida,Sports Direct,Women's Apparel,Online,FL,39054
2020,Florida,Sports Direct,Women's Athletic Footwear,In-store,FL,1490000
2020,Florida,Sports Direct,Women's Athletic Footwear,Online,FL,38194
2020,Florida,Sports Direct,Women's Street Footwear,In-store,FL,1526250
2020,Florida,Sports Direct,Women's Street Footwear,Online,FL,41966
2020,Florida,West Gear,Men's Apparel,In-store,FL,1830000
2020,Florida,West Gear,Men's Apparel,Online,FL,48694
2020,Florida,West Gear,Men's Athletic Footwear,In-store,FL,1960000
2020,Florida,West Gear,Men's Athletic Footwear,Online,FL,48285
2020,Florida,West Gear,Men's Street Footwear,In-store,FL,2712250
2020,Florida,West Gear,Men's Street Footwear,Online,FL,67730
2020,Florida,West Gear,Women's Apparel,In-store,FL,2226250
2020,Florida,West Gear,Women's Apparel,Online,FL,57689
2020,Florida,West Gear,Women's Athletic Footwear,In-store,FL,1693750
2020,Florida,West Gear,Women's Athletic Footwear,Online,FL,44727
2020,Florida,West Gear,Women's Street Footwear,In-store,FL,1936250
2020,Florida,West Gear,Women's Street Footwear,Online,FL,48517
2020,Minnesota,Foot Locker,Men's Apparel,In-store,MN,238750
2020,Minnesota,Foot Locker,Men's Apparel,Online,MN,18854
2020,Minnesota,Foot Locker,Men's Apparel,Outlet,MN,485000
2020,Minnesota,Foot Locker,Men's Athletic Footwear,In-store,MN,210000
2020,Minnesota,Foot Locker,Men's Athletic Footwear,Online,MN,24258
2020,Minnesota,Foot Locker,Men's Athletic Footwear,Outlet,MN,713750
2020,Minnesota,Foot Locker,Men's Street Footwear,In-store,MN,735500
2020,Minnesota,Foot Locker,Men's Street Footwear,Online,MN,56938
2020,Minnesota,Foot Locker,Men's Street Footwear,Outlet,MN,1536250
2020,Minnesota,Foot Locker,Women's Apparel,In-store,MN,411250
2020,Minnesota,Foot Locker,Women's Apparel,Online,MN,37300
2020,Minnesota,Foot Locker,Women's Apparel,Outlet,MN,1027500
2020,Minnesota,Foot Locker,Women's Athletic Footwear,In-store,MN,60000
2020,Minnesota,Foot Locker,Women's Athletic Footwear,Online,MN,11667
2020,Minnesota,Foot Locker,Women's Athletic Footwear,Outlet,MN,380000
2020,Minnesota,Foot Locker,Women's Street Footwear,In-store,MN,182500
2020,Minnesota,Foot Locker,Women's Street Footwear,Online,MN,17048
2020,Minnesota,Foot Locker,Women's Street Footwear,Outlet,MN,473000
2020,Minnesota,Kohl's,Men's Athletic Footwear,Online,MN,5504
2020,Minnesota,Kohl's,Men's Athletic Footwear,Outlet,MN,213750
2020,Minnesota,Kohl's,Men's Street Footwear,Online,MN,3808
2020,Minnesota,Kohl's,Men's Street Footwear,Outlet,MN,166250
2020,Minnesota,Kohl's,Women's Athletic Footwear,Online,MN,4312
2020,Minnesota,Kohl's,Women's Athletic Footwear,Outlet,MN,146250
2020,Minnesota,Kohl's,Women's Street Footwear,Online,MN,4879
2020,Minnesota,Kohl's,Women's Street Footwear,Outlet,MN,213750
2020,Nevada,West Gear,Men's Apparel,In-store,NV,1713750
2020,Nevada,West Gear,Men's Apparel,Online,NV,63609
2020,Nevada,West Gear,Men's Apparel,Outlet,NV,842585
2020,Nevada,West Gear,Men's Athletic Footwear,In-store,NV,2185000
2020,Nevada,West Gear,Men's Athletic Footwear,Online,NV,102169
2020,Nevada,West Gear,Men's Athletic Footwear,Outlet,NV,1741570
2020,Nevada,West Gear,Men's Street Footwear,In-store,NV,2022500
2020,Nevada,West Gear,Men's Street Footwear,Online,NV,106555
2020,Nevada,West Gear,Men's Street Footwear,Outlet,NV,2057105
2020,Nevada,West Gear,Women's Apparel,In-store,NV,2070000
2020,Nevada,West Gear,Women's Apparel,Online,NV,100042
2020,Nevada,West Gear,Women's Apparel,Outlet,NV,1809410
2020,Nevada,West Gear,Women's Athletic Footwear,In-store,NV,1663750
2020,Nevada,West Gear,Women's Athletic Footwear,Online,NV,66351
2020,Nevada,West Gear,Women's Athletic Footwear,Outlet,NV,963548
2020,Nevada,West Gear,Women's Street Footwear,In-store,NV,1903750
2020,Nevada,West Gear,Women's Street Footwear,Online,NV,82879
2020,Nevada,West Gear,Women's Street Footwear,Outlet,NV,1363936
2020,New York,Foot Locker,Men's Apparel,In-store,NY,540000
2020,New York,Foot Locker,Men's Apparel,Online,NY,94287
2020,New York,Foot Locker,Men's Apparel,Outlet,NY,3255015
2020,New York,Foot Locker,Men's Athletic Footwear,Online,NY,105661
2020,New York,Foot Locker,Men's Athletic Footwear,Outlet,NY,3645818
2020,New York,Foot Locker,Men's Street Footwear,In-store,NY,600000
2020,New York,Foot Locker,Men's Street Footwear,Online,NY,131978
2020,New York,Foot Locker,Men's Street Footwear,Outlet,NY,4330111
2020,New York,Foot Locker,Women's Apparel,In-store,NY,500000
2020,New York,Foot Locker,Women's Apparel,Online,NY,102328
2020,New York,Foot Locker,Women's Apparel,Outlet,NY,3093841
2020,New York,Foot Locker,Women's Athletic Footwear,In-store,NY,382500
2020,New York,Foot Locker,Women's Athletic Footwear,Online,NY,83630
2020,New York,Foot Locker,Women's Athletic Footwear,Outlet,NY,2967684
2020,New York,Foot Locker,Women's Street Footwear,In-store,NY,400000
2020,New York,Foot Locker,Women's Street Footwear,Online,NY,86118
2020,New York,Foot Locker,Women's Street Footwear,Outlet,NY,3064597
2020,New York,Foot Locker   ,Men's Athletic Footwear,In-store,NY,500000
2020,New York,Foot Locker     ,Men's Street Footwear,In-store,NY,625000
2020,New York,Foot Locker     ,Women's Apparel,Outlet,NY,500000
2020,New York,Sports Direct,Men's Athletic Footwear,Online,NY,7650
2020,New York,Sports Direct,Men's Athletic Footwear,Outlet,NY,322020
2020,New York,Sports Direct,Men's Street Footwear,Online,NY,5616
2020,New York,Sports Direct,Men's Street Footwear,Outlet,NY,230400
2020,New York,Sports Direct,Women's Athletic Footwear,Online,NY,5950
2020,New York,Sports Direct,Women's Athletic Footwear,Outlet,NY,250670
2020,New York,Sports Direct,Women's Street Footwear,Online,NY,6930
2020,New York,Sports Direct,Women's Street Footwear,Outlet,NY,251426
2020,New York,Walmart,Men's Apparel,Online,NY,76216
2020,New York,Walmart,Men's Apparel,Outlet,NY,2869648
2020,New York,Walmart,Men's Athletic Footwear,Online,NY,43269
2020,New York,Walmart,Men's Athletic Footwear,Outlet,NY,1677110
2020,New York,Walmart,Men's Street Footwear,Online,NY,57444
2020,New York,Walmart,Men's Street Footwear,Outlet,NY,2302110
2020,New York,Walmart,Women's Apparel,Online,NY,91298
2020,New York,Walmart,Women's Apparel,Outlet,NY,3513926
2020,New York,Walmart,Women's Athletic Footwear,Online,NY,36594
2020,New York,Walmart,Women's Athletic Footwear,Outlet,NY,1474020
2020,New York,Walmart,Women's Street Footwear,Online,NY,41402
2020,New York,Walmart,Women's Street Footwear,Outlet,NY,1528968
2020,Pennsylvania,Foot Locker,Women's Apparel,Online,PA,5644
2020,Pennsylvania,Foot Locker,Women's Apparel,Outlet,PA,210649
2020,Pennsylvania,West Gear,Men's Athletic Footwear,Online,PA,5148
2020,Pennsylvania,West Gear,Men's Athletic Footwear,Outlet,PA,207225
2020,Pennsylvania,West Gear,Men's Street Footwear,Online,PA,3904
2020,Pennsylvania,West Gear,Men's Street Footwear,Outlet,PA,161766
2020,Pennsylvania,West Gear,Women's Athletic Footwear,Online,PA,3741
2020,Pennsylvania,West Gear,Women's Athletic Footwear,Outlet,PA,138060
2020,Pennsylvania,West Gear,Women's Street Footwear,Online,PA,4797
2020,Pennsylvania,West Gear,Women's Street Footwear,Outlet,PA,207540
2020,Texas,Sports Direct,Men's Apparel,Online,TX,15419
2020,Texas,Sports Direct,Men's Apparel,Outlet,TX,659481
2020,Texas,Sports Direct,Men's Athletic Footwear,Online,TX,26169
2020,Texas,Sports Direct,Men's Athletic Footwear,Outlet,TX,1030911
2020,Texas,Sports Direct,Men's Street Footwear,Online,TX,18583
2020,Texas,Sports Direct,Men's Street Footwear,Outlet,TX,763258
2020,Texas,Sports Direct,Women's Apparel,Online,TX,20937
2020,Texas,Sports Direct,Women's Apparel,Outlet,TX,768218
2020,Texas,Sports Direct,Women's Athletic Footwear,Online,TX,18256
2020,Texas,Sports Direct,Women's Athletic Footwear,Outlet,TX,726372
2020,Texas,Sports Direct,Women's Street Footwear,Online,TX,18358
2020,Texas,Sports Direct,Women's Street Footwear,Outlet,TX,752092
2020,Texas,Walmart,Men's Apparel,Online,TX,64412
2020,Texas,Walmart,Men's Apparel,Outlet,TX,2591132
2020,Texas,Walmart,Men's Athletic Footwear,Online,TX,81463
2020,Texas,Walmart,Men's Athletic Footwear,Outlet,TX,3290864
2020,Texas,Walmart,Men's Street Footwear,Online,TX,77376
2020,Texas,Walmart,Men's Street Footwear,Outlet,TX,3052090
2020,Texas,Walmart,Women's Apparel,Online,TX,103341
2020,Texas,Walmart,Women's Apparel,Outlet,TX,4079283
2020,Texas,Walmart,Women's Athletic Footwear,Online,TX,64192
2020,Texas,Walmart,Women's Athletic Footwear,Outlet,TX,2477739
2020,Texas,Walmart,Women's Street Footwear,Online,TX,80850
2020,Texas,Walmart,Women's Street Footwear,Outlet,TX,3210253
2020,Texas,West Gear,Men's Athletic Footwear,Online,TX,9506
2020,Texas,West Gear,Men's Athletic Footwear,Outlet,TX,395684
2020,Texas,West Gear,Men's Street Footwear,Online,TX,7733
2020,Texas,West Gear,Men's Street Footwear,Outlet,TX,317920
2020,Texas,West Gear,Women's Athletic Footwear,Online,TX,8400
2020,Texas,West Gear,Women's Athletic Footwear,Outlet,TX,320165
2020,Texas,West Gear,Women's Street Footwear,Online,TX,9982
2020,Texas,West Gear,Women's Street Footwear,Outlet,TX,396443
2020,Washington,Foot Locker,Men's Athletic Footwear,In-store,WA,382500
2020,Washington,Foot Locker,Men's Athletic Footwear,Online,WA,9061
2020,Washington,Foot Locker,Men's Street Footwear,In-store,WA,472500
2020,Washington,Foot Locker,Men's Street Footwear,Online,WA,12012
2020,Washington,Foot Locker,Women's Athletic Footwear,In-store,WA,280000
2020,Washington,Foot Locker,Women's Athletic Footwear,Online,WA,6650
2020,Washington,Foot Locker,Women's Street Footwear,In-store,WA,297500
2020,Washington,Foot Locker,Women's Street Footwear,Online,WA,7820
2020,Washington,West Gear,Men's Apparel,In-store,WA,3260000
2020,Washington,West Gear,Men's Apparel,Online,WA,82563
2020,Washington,West Gear,Men's Athletic Footwear,In-store,WA,4527500
2020,Washington,West Gear,Men's Athletic Footwear,Online,WA,118042
2020,Washington,West Gear,Men's Street Footwear,In-store,WA,4813750
2020,Washington,West Gear,Men's Street Footwear,Online,WA,123295
2020,Washington,West Gear,Women's Apparel,In-store,WA,4598750
2020,Washington,West Gear,Women's Apparel,Online,WA,114147
2020,Washington,West Gear,Women's Athletic Footwear,In-store,WA,3217500
2020,Washington,West Gear,Women's Athletic Footwear,Online,WA,83156
2020,Washington,West Gear,Women's Street Footwear,In-store,WA,3826250
2020,Washington,West Gear,Women's Street Footwear,Online,WA,97722
2021,Alabama,Amazon,Men's Athletic Footwear,Online,AL,2850
2021,Alabama,Amazon,Men's Athletic Footwear,Outlet,AL,102640
2021,Alabama,Amazon,Men's Street Footwear,Online,AL,4446
2021,Alabama,Amazon,Men's Street Footwear,Outlet,AL,183780
2021,Alabama,Amazon,Women's Athletic Footwear,Online,AL,952
2021,Alabama,Amazon,Women's Athletic Footwear,Outlet,AL,35750
2021,Alabama,Amazon,Women's Street Footwear,Online,AL,1764
2021,Alabama,Amazon,Women's Street Footwear,Outlet,AL,76909
2021,Alabama,Sports Direct,Men's Apparel,Online,AL,54881
2021,Alabama,Sports Direct,Men's Apparel,Outlet,AL,2156781
2021,Alabama,Sports Direct,Men's Athletic Footwear,Online,AL,79137
2021,Alabama,Sports Direct,Men's Athletic Footwear,Outlet,AL,3066607
2021,Alabama,Sports Direct,Men's Street Footwear,Online,AL,68997
2021,Alabama,Sports Direct,Men's Street Footwear,Outlet,AL,2702458
2021,Alabama,Sports Direct,Women's Apparel,Online,AL,95277
2021,Alabama,Sports Direct,Women's Apparel,Outlet,AL,3680913
2021,Alabama,Sports Direct,Women's Athletic Footwear,Online,AL,56886
2021,Alabama,Sports Direct,Women's Athletic Footwear,Outlet,AL,2180970
2021,Alabama,Sports Direct,Women's Street Footwear,Online,AL,76366
2021,Alabama,Sports Direct,Women's Street Footwear,Outlet,AL,3005060
2021,Alaska,Amazon,Men's Apparel,Online,AK,41658
2021,Alaska,Amazon,Men's Apparel,Outlet,AK,1546250
2021,Alaska,Amazon,Men's Athletic Footwear,Online,AK,53676
2021,Alaska,Amazon,Men's Athletic Footwear,Outlet,AK,2128750
2021,Alaska,Amazon,Men's Street Footwear,Online,AK,102118
2021,Alaska,Amazon,Men's Street Footwear,Outlet,AK,3984000
2021,Alaska,Amazon,Women's Apparel,Online,AK,67333
2021,Alaska,Amazon,Women's Apparel,Outlet,AK,2613750
2021,Alaska,Amazon,Women's Athletic Footwear,Online,AK,32356
2021,Alaska,Amazon,Women's Athletic Footwear,Outlet,AK,1232500
2021,Alaska,Amazon,Women's Street Footwear,Online,AK,39634
2021,Alaska,Amazon,Women's Street Footwear,Outlet,AK,1523000
2021,Alaska,Foot Locker,Men's Apparel,Online,AK,2116
2021,Alaska,Foot Locker,Men's Apparel,Outlet,AK,87500
2021,Alaska,Foot Locker,Men's Athletic Footwear,Online,AK,8803
2021,Alaska,Foot Locker,Men's Athletic Footwear,Outlet,AK,337500
2021,Alaska,Foot Locker,Men's Street Footwear,Online,AK,8316
2021,Alaska,Foot Locker,Men's Street Footwear,Outlet,AK,297500
2021,Alaska,Foot Locker,Women's Apparel,Online,AK,5166
2021,Alaska,Foot Locker,Women's Apparel,Outlet,AK,191250
2021,Alaska,Foot Locker,Women's Athletic Footwear,Online,AK,2408
2021,Alaska,Foot Locker,Women's Athletic Footwear,Outlet,AK,101250
2021,Alaska,Foot Locker,Women's Street Footwear,Online,AK,8769
2021,Alaska,Foot Locker,Women's Street Footwear,Outlet,AK,337500
2021,Arizona,Foot Locker,Men's Apparel,Online,AZ,1508086
2021,Arizona,Foot Locker,Men's Apparel,Outlet,AZ,36366
2021,Arizona,Foot Locker,Men's Athletic Footwear,Online,AZ,2621781
2021,Arizona,Foot Locker,Men's Athletic Footwear,Outlet,AZ,58154
2021,Arizona,Foot Locker,Men's Street Footwear,Online,AZ,2766022
2021,Arizona,Foot Locker,Men's Street Footwear,Outlet,AZ,66404
2021,Arizona,Foot Locker,Women's Apparel,Online,AZ,2485969
2021,Arizona,Foot Locker,Women's Apparel,Outlet,AZ,55957
2021,Arizona,Foot Locker,Women's Athletic Footwear,Online,AZ,1562361
2021,Arizona,Foot Locker,Women's Athletic Footwear,Outlet,AZ,35501
2021,Arizona,Foot Locker,Women's Street Footwear,Online,AZ,1913360
2021,Arizona,Foot Locker,Women's Street Footwear,Outlet,AZ,45255
2021,Arizona,Kohl's,Men's Apparel,Online,AZ,338176
2021,Arizona,Kohl's,Men's Apparel,Outlet,AZ,7680
2021,Arizona,Kohl's,Men's Athletic Footwear,Online,AZ,415460
2021,Arizona,Kohl's,Men's Athletic Footwear,Outlet,AZ,9306
2021,Arizona,Kohl's,Men's Street Footwear,Online,AZ,359240
2021,Arizona,Kohl's,Men's Street Footwear,Outlet,AZ,8775
2021,Arizona,Kohl's,Women's Apparel,Online,AZ,496956
2021,Arizona,Kohl's,Women's Apparel,Outlet,AZ,11781
2021,Arizona,Kohl's,Women's Athletic Footwear,Online,AZ,346215
2021,Arizona,Kohl's,Women's Athletic Footwear,Outlet,AZ,7126
2021,Arizona,Kohl's,Women's Street Footwear,Online,AZ,611886
2021,Arizona,Kohl's,Women's Street Footwear,Outlet,AZ,14404
2021,Arkansas,Walmart,Men's Apparel,Online,AR,1293347
2021,Arkansas,Walmart,Men's Apparel,Outlet,AR,29223
2021,Arkansas,Walmart,Men's Athletic Footwear,Online,AR,1288027
2021,Arkansas,Walmart,Men's Athletic Footwear,Outlet,AR,28583
2021,Arkansas,Walmart,Men's Street Footwear,Online,AR,2255863
2021,Arkansas,Walmart,Men's Street Footwear,Outlet,AR,51605
2021,Arkansas,Walmart,Women's Apparel,Online,AR,1675206
2021,Arkansas,Walmart,Women's Apparel,Outlet,AR,40845
2021,Arkansas,Walmart,Women's Athletic Footwear,Online,AR,855100
2021,Arkansas,Walmart,Women's Athletic Footwear,Outlet,AR,19663
2021,Arkansas,Walmart,Women's Street Footwear,Online,AR,925530
2021,Arkansas,Walmart,Women's Street Footwear,Outlet,AR,21454
2021,Arkansas,West Gear,Men's Apparel,Online,AR,654837
2021,Arkansas,West Gear,Men's Apparel,Outlet,AR,14573
2021,Arkansas,West Gear,Men's Athletic Footwear,Online,AR,532191
2021,Arkansas,West Gear,Men's Athletic Footwear,Outlet,AR,12049
2021,Arkansas,West Gear,Men's Street Footwear,Online,AR,952597
2021,Arkansas,West Gear,Men's Street Footwear,Outlet,AR,22992
2021,Arkansas,West Gear,Women's Apparel,Online,AR,950630
2021,Arkansas,West Gear,Women's Apparel,Outlet,AR,21377
2021,Arkansas,West Gear,Women's Athletic Footwear,Online,AR,504819
2021,Arkansas,West Gear,Women's Athletic Footwear,Outlet,AR,11170
2021,Arkansas,West Gear,Women's Street Footwear,Online,AR,466835
2021,Arkansas,West Gear,Women's Street Footwear,Outlet,AR,10831
2021,California,Foot Locker,Men's Athletic Footwear,Online,CA,3157
2021,California,Foot Locker,Men's Athletic Footwear,Outlet,CA,126571
2021,California,Foot Locker,Men's Street Footwear,Online,CA,5456
2021,California,Foot Locker,Men's Street Footwear,Outlet,CA,219042
2021,California,Foot Locker,Women's Athletic Footwear,Online,CA,1258
2021,California,Foot Locker,Women's Athletic Footwear,Outlet,CA,51107
2021,California,Foot Locker,Women's Street Footwear,Online,CA,2656
2021,California,Foot Locker,Women's Street Footwear,Outlet,CA,98506
2021,California,Kohl's,Men's Apparel,Online,CA,91128
2021,California,Kohl's,Men's Apparel,Outlet,CA,3703648
2021,California,Kohl's,Men's Athletic Footwear,Online,CA,119727
2021,California,Kohl's,Men's Athletic Footwear,Outlet,CA,4734497
2021,California,Kohl's,Men's Street Footwear,Online,CA,116719
2021,California,Kohl's,Men's Street Footwear,Outlet,CA,4585369
2021,California,Kohl's,Women's Apparel,Online,CA,125042
2021,California,Kohl's,Women's Apparel,Outlet,CA,4999350
2021,California,Kohl's,Women's Athletic Footwear,Online,CA,90973
2021,California,Kohl's,Women's Athletic Footwear,Outlet,CA,3519525
2021,California,Kohl's,Women's Street Footwear,Online,CA,102602
2021,California,Kohl's,Women's Street Footwear,Outlet,CA,4117403
2021,California,West Gear,Men's Apparel,Online,CA,91800
2021,California,West Gear,Men's Apparel,Outlet,CA,3655257
2021,California,West Gear,Men's Athletic Footwear,Online,CA,119024
2021,California,West Gear,Men's Athletic Footwear,Outlet,CA,4532958
2021,California,West Gear,Men's Street Footwear,Online,CA,100672
2021,California,West Gear,Men's Street Footwear,Outlet,CA,3927700
2021,California,West Gear,Women's Apparel,Online,CA,113831
2021,California,West Gear,Women's Apparel,Outlet,CA,4727338
2021,California,West Gear,Women's Athletic Footwear,Online,CA,87800
2021,California,West Gear,Women's Athletic Footwear,Outlet,CA,3394741
2021,California,West Gear,Women's Street Footwear,Online,CA,97056
2021,California,West Gear,Women's Street Footwear,Outlet,CA,3802830
2021,Connecticut,Foot Locker,Men's Apparel,In-store,CT,413750
2021,Connecticut,Foot Locker,Men's Apparel,Online,CT,10212
2021,Connecticut,Foot Locker,Men's Apparel,Outlet,CT,9526
2021,Connecticut,Foot Locker,Men's Athletic Footwear,In-store,CT,493750
2021,Connecticut,Foot Locker,Men's Athletic Footwear,Online,CT,12801
2021,Connecticut,Foot Locker,Men's Athletic Footwear,Outlet,CT,11928
2021,Connecticut,Foot Locker,Men's Street Footwear,In-store,CT,965000
2021,Connecticut,Foot Locker,Men's Street Footwear,Online,CT,23466
2021,Connecticut,Foot Locker,Men's Street Footwear,Outlet,CT,22699
2021,Connecticut,Foot Locker,Women's Apparel,In-store,CT,796250
2021,Connecticut,Foot Locker,Women's Apparel,Online,CT,20610
2021,Connecticut,Foot Locker,Women's Apparel,Outlet,CT,18468
2021,Connecticut,Foot Locker,Women's Athletic Footwear,In-store,CT,338750
2021,Connecticut,Foot Locker,Women's Athletic Footwear,Online,CT,9191
2021,Connecticut,Foot Locker,Women's Athletic Footwear,Outlet,CT,7461
2021,Connecticut,Foot Locker,Women's Street Footwear,In-store,CT,454750
2021,Connecticut,Foot Locker,Women's Street Footwear,Online,CT,11168
2021,Connecticut,Foot Locker,Women's Street Footwear,Outlet,CT,11018
2021,Connecticut,Sports Direct,Men's Apparel,In-store,CT,995000
2021,Connecticut,Sports Direct,Men's Apparel,Online,CT,26027
2021,Connecticut,Sports Direct,Men's Apparel,Outlet,CT,23761
2021,Connecticut,Sports Direct,Men's Athletic Footwear,In-store,CT,1183750
2021,Connecticut,Sports Direct,Men's Athletic Footwear,Online,CT,30177
2021,Connecticut,Sports Direct,Men's Athletic Footwear,Outlet,CT,28011
2021,Connecticut,Sports Direct,Men's Street Footwear,In-store,CT,2297750
2021,Connecticut,Sports Direct,Men's Street Footwear,Online,CT,58574
2021,Connecticut,Sports Direct,Men's Street Footwear,Outlet,CT,55250
2021,Connecticut,Sports Direct,Women's Apparel,In-store,CT,1485000
2021,Connecticut,Sports Direct,Women's Apparel,Online,CT,39902
2021,Connecticut,Sports Direct,Women's Apparel,Outlet,CT,33492
2021,Connecticut,Sports Direct,Women's Athletic Footwear,In-store,CT,733750
2021,Connecticut,Sports Direct,Women's Athletic Footwear,Online,CT,19330
2021,Connecticut,Sports Direct,Women's Athletic Footwear,Outlet,CT,17438
2021,Connecticut,Sports Direct,Women's Street Footwear,In-store,CT,872500
2021,Connecticut,Sports Direct,Women's Street Footwear,Online,CT,22538
2021,Connecticut,Sports Direct,Women's Street Footwear,Outlet,CT,20400
2021,Delaware,Foot Locker,Men's Apparel,In-store,DE,1117500
2021,Delaware,Foot Locker,Men's Apparel,Online,DE,28726
2021,Delaware,Foot Locker,Men's Athletic Footwear,In-store,DE,1280000
2021,Delaware,Foot Locker,Men's Athletic Footwear,Online,DE,34167
2021,Delaware,Foot Locker,Men's Street Footwear,In-store,DE,2401500
2021,Delaware,Foot Locker,Men's Street Footwear,Online,DE,60267
2021,Delaware,Foot Locker,Women's Apparel,In-store,DE,1590000
2021,Delaware,Foot Locker,Women's Apparel,Online,DE,42697
2021,Delaware,Foot Locker,Women's Athletic Footwear,In-store,DE,830000
2021,Delaware,Foot Locker,Women's Athletic Footwear,Online,DE,20826
2021,Delaware,Foot Locker,Women's Street Footwear,In-store,DE,957500
2021,Delaware,Foot Locker,Women's Street Footwear,Online,DE,24385
2021,Delaware,Kohl's,Men's Apparel,In-store,DE,468750
2021,Delaware,Kohl's,Men's Apparel,Online,DE,11798
2021,Delaware,Kohl's,Men's Athletic Footwear,In-store,DE,556250
2021,Delaware,Kohl's,Men's Athletic Footwear,Online,DE,13742
2021,Delaware,Kohl's,Men's Street Footwear,In-store,DE,1032500
2021,Delaware,Kohl's,Men's Street Footwear,Online,DE,27930
2021,Delaware,Kohl's,Women's Apparel,In-store,DE,866250
2021,Delaware,Kohl's,Women's Apparel,Online,DE,21458
2021,Delaware,Kohl's,Women's Athletic Footwear,In-store,DE,381250
2021,Delaware,Kohl's,Women's Athletic Footwear,Online,DE,10504
2021,Delaware,Kohl's,Women's Street Footwear,In-store,DE,507250
2021,Delaware,Kohl's,Women's Street Footwear,Online,DE,13162
2021,Florida,Sports Direct,Men's Apparel,Online,FL,5804
2021,Florida,Sports Direct,Men's Apparel,Outlet,FL,229118
2021,Florida,Sports Direct,Men's Athletic Footwear,Online,FL,5800
2021,Florida,Sports Direct,Men's Athletic Footwear,Outlet,FL,245456
2021,Florida,Sports Direct,Men's Street Footwear,Online,FL,7360
2021,Florida,Sports Direct,Men's Street Footwear,Outlet,FL,280985
2021,Florida,Sports Direct,Women's Apparel,Online,FL,10530
2021,Florida,Sports Direct,Women's Apparel,Outlet,FL,435380
2021,Florida,Sports Direct,Women's Athletic Footwear,Online,FL,8608
2021,Florida,Sports Direct,Women's Athletic Footwear,Outlet,FL,340672
2021,Florida,Sports Direct,Women's Street Footwear,Online,FL,6785
2021,Florida,Sports Direct,Women's Street Footwear,Outlet,FL,283253
2021,Florida,Walmart,Men's Apparel,In-store,FL,2248750
2021,Florida,Walmart,Men's Apparel,Online,FL,66175
2021,Florida,Walmart,Men's Apparel,Outlet,FL,303945
2021,Florida,Walmart,Men's Athletic Footwear,In-store,FL,3702500
2021,Florida,Walmart,Men's Athletic Footwear,Online,FL,105248
2021,Florida,Walmart,Men's Athletic Footwear,Outlet,FL,619957
2021,Florida,Walmart,Men's Street Footwear,In-store,FL,3061250
2021,Florida,Walmart,Men's Street Footwear,Online,FL,108503
2021,Florida,Walmart,Men's Street Footwear,Outlet,FL,1342995
2021,Florida,Walmart,Women's Apparel,In-store,FL,2780000
2021,Florida,Walmart,Women's Apparel,Online,FL,89920
2021,Florida,Walmart,Women's Apparel,Outlet,FL,761878
2021,Florida,Walmart,Women's Athletic Footwear,In-store,FL,2090000
2021,Florida,Walmart,Women's Athletic Footwear,Online,FL,66139
2021,Florida,Walmart,Women's Athletic Footwear,Outlet,FL,417403
2021,Florida,Walmart,Women's Street Footwear,In-store,FL,2528750
2021,Florida,Walmart,Women's Street Footwear,Online,FL,80738
2021,Florida,Walmart,Women's Street Footwear,Outlet,FL,631388
2021,Florida,West Gear,Men's Apparel,In-store,FL,775000
2021,Florida,West Gear,Men's Apparel,Online,FL,21057
2021,Florida,West Gear,Men's Apparel,Outlet,FL,18404
2021,Florida,West Gear,Men's Athletic Footwear,In-store,FL,540000
2021,Florida,West Gear,Men's Athletic Footwear,Online,FL,14112
2021,Florida,West Gear,Men's Athletic Footwear,Outlet,FL,13071
2021,Florida,West Gear,Men's Street Footwear,In-store,FL,787500
2021,Florida,West Gear,Men's Street Footwear,Online,FL,20751
2021,Florida,West Gear,Men's Street Footwear,Outlet,FL,18528
2021,Florida,West Gear,Women's Apparel,In-store,FL,886250
2021,Florida,West Gear,Women's Apparel,Online,FL,21316
2021,Florida,West Gear,Women's Apparel,Outlet,FL,20535
2021,Florida,West Gear,Women's Athletic Footwear,In-store,FL,680000
2021,Florida,West Gear,Women's Athletic Footwear,Online,FL,19405
2021,Florida,West Gear,Women's Athletic Footwear,Outlet,FL,16932
2021,Florida,West Gear,Women's Street Footwear,In-store,FL,917500
2021,Florida,West Gear,Women's Street Footwear,Online,FL,24200
2021,Florida,West Gear,Women's Street Footwear,Outlet,FL,23000
2021,Georgia,Foot Locker,Men's Apparel,Online,GA,638807
2021,Georgia,Foot Locker,Men's Apparel,Outlet,GA,13925
2021,Georgia,Foot Locker,Men's Athletic Footwear,Online,GA,636124
2021,Georgia,Foot Locker,Men's Athletic Footwear,Outlet,GA,14349
2021,Georgia,Foot Locker,Men's Street Footwear,Online,GA,861840
2021,Georgia,Foot Locker,Men's Street Footwear,Outlet,GA,20730
2021,Georgia,Foot Locker,Women's Apparel,Online,GA,697483
2021,Georgia,Foot Locker,Women's Apparel,Outlet,GA,15950
2021,Georgia,Foot Locker,Women's Athletic Footwear,Online,GA,510930
2021,Georgia,Foot Locker,Women's Athletic Footwear,Outlet,GA,10945
2021,Georgia,Foot Locker,Women's Street Footwear,Online,GA,762049
2021,Georgia,Foot Locker,Women's Street Footwear,Outlet,GA,16836
2021,Georgia,Sports Direct,Men's Apparel,Online,GA,1743090
2021,Georgia,Sports Direct,Men's Apparel,Outlet,GA,40832
2021,Georgia,Sports Direct,Men's Athletic Footwear,Online,GA,2955413
2021,Georgia,Sports Direct,Men's Athletic Footwear,Outlet,GA,64864
2021,Georgia,Sports Direct,Men's Street Footwear,Online,GA,3061312
2021,Georgia,Sports Direct,Men's Street Footwear,Outlet,GA,68966
2021,Georgia,Sports Direct,Women's Apparel,Online,GA,2802521
2021,Georgia,Sports Direct,Women's Apparel,Outlet,GA,63915
2021,Georgia,Sports Direct,Women's Athletic Footwear,Online,GA,1777243
2021,Georgia,Sports Direct,Women's Athletic Footwear,Outlet,GA,41714
2021,Georgia,Sports Direct,Women's Street Footwear,Online,GA,2129007
2021,Georgia,Sports Direct,Women's Street Footwear,Outlet,GA,48621
2021,Hawaii,Foot Locker,Men's Apparel,Online,HI,27704
2021,Hawaii,Foot Locker,Men's Apparel,Outlet,HI,1102500
2021,Hawaii,Foot Locker,Men's Athletic Footwear,Online,HI,56991
2021,Hawaii,Foot Locker,Men's Athletic Footwear,Outlet,HI,2158750
2021,Hawaii,Foot Locker,Men's Street Footwear,Online,HI,67720
2021,Hawaii,Foot Locker,Men's Street Footwear,Outlet,HI,2598750
2021,Hawaii,Foot Locker,Women's Apparel,Online,HI,55986
2021,Hawaii,Foot Locker,Women's Apparel,Outlet,HI,2120000
2021,Hawaii,Foot Locker,Women's Athletic Footwear,Online,HI,42394
2021,Hawaii,Foot Locker,Women's Athletic Footwear,Outlet,HI,1652500
2021,Hawaii,Foot Locker,Women's Street Footwear,Online,HI,51703
2021,Hawaii,Foot Locker,Women's Street Footwear,Outlet,HI,2057500
2021,Hawaii,Sports Direct,Men's Apparel,Online,HI,14424
2021,Hawaii,Sports Direct,Men's Apparel,Outlet,HI,506250
2021,Hawaii,Sports Direct,Men's Athletic Footwear,Online,HI,11343
2021,Hawaii,Sports Direct,Men's Athletic Footwear,Outlet,HI,425000
2021,Hawaii,Sports Direct,Men's Street Footwear,Online,HI,9302
2021,Hawaii,Sports Direct,Men's Street Footwear,Outlet,HI,380000
2021,Hawaii,Sports Direct,Women's Apparel,Online,HI,18714
2021,Hawaii,Sports Direct,Women's Apparel,Outlet,HI,736250
2021,Hawaii,Sports Direct,Women's Athletic Footwear,Online,HI,14204
2021,Hawaii,Sports Direct,Women's Athletic Footwear,Outlet,HI,537500
2021,Hawaii,Sports Direct,Women's Street Footwear,Online,HI,20964
2021,Hawaii,Sports Direct,Women's Street Footwear,Outlet,HI,825000
2021,Hawaii,Walmart,Men's Apparel,Online,HI,30393
2021,Hawaii,Walmart,Men's Apparel,Outlet,HI,1111250
2021,Hawaii,Walmart,Men's Athletic Footwear,Online,HI,42121
2021,Hawaii,Walmart,Men's Athletic Footwear,Outlet,HI,1648750
2021,Hawaii,Walmart,Men's Street Footwear,Online,HI,36596
2021,Hawaii,Walmart,Men's Street Footwear,Outlet,HI,1432500
2021,Hawaii,Walmart,Women's Apparel,Online,HI,28496
2021,Hawaii,Walmart,Women's Apparel,Outlet,HI,1147500
2021,Hawaii,Walmart,Women's Athletic Footwear,Online,HI,15660
2021,Hawaii,Walmart,Women's Athletic Footwear,Outlet,HI,622500
2021,Hawaii,Walmart,Women's Street Footwear,Online,HI,17742
2021,Hawaii,Walmart,Women's Street Footwear,Outlet,HI,657500
2021,Idaho,Foot Locker,Men's Apparel,Online,ID,474526
2021,Idaho,Foot Locker,Men's Apparel,Outlet,ID,11429
2021,Idaho,Foot Locker,Men's Athletic Footwear,Online,ID,1444044
2021,Idaho,Foot Locker,Men's Athletic Footwear,Outlet,ID,32135
2021,Idaho,Foot Locker,Men's Street Footwear,Online,ID,1292958
2021,Idaho,Foot Locker,Men's Street Footwear,Outlet,ID,29184
2021,Idaho,Foot Locker,Women's Apparel,Online,ID,1352272
2021,Idaho,Foot Locker,Women's Apparel,Outlet,ID,31658
2021,Idaho,Foot Locker,Women's Athletic Footwear,Online,ID,940459
2021,Idaho,Foot Locker,Women's Athletic Footwear,Outlet,ID,22126
2021,Idaho,Foot Locker,Women's Street Footwear,Online,ID,1354932
2021,Idaho,Foot Locker,Women's Street Footwear,Outlet,ID,33043
2021,Idaho,Sports Direct,Men's Apparel,Online,ID,858252
2021,Idaho,Sports Direct,Men's Apparel,Outlet,ID,21538
2021,Idaho,Sports Direct,Men's Athletic Footwear,Online,ID,831849
2021,Idaho,Sports Direct,Men's Athletic Footwear,Outlet,ID,19696
2021,Idaho,Sports Direct,Men's Street Footwear,Online,ID,858318
2021,Idaho,Sports Direct,Men's Street Footwear,Outlet,ID,20941
2021,Idaho,Sports Direct,Women's Apparel,Online,ID,1425686
2021,Idaho,Sports Direct,Women's Apparel,Outlet,ID,33696
2021,Idaho,Sports Direct,Women's Athletic Footwear,Online,ID,696162
2021,Idaho,Sports Direct,Women's Athletic Footwear,Outlet,ID,16294
2021,Idaho,Sports Direct,Women's Street Footwear,Online,ID,1025513
2021,Idaho,Sports Direct,Women's Street Footwear,Outlet,ID,23098
2021,Idaho,West Gear,Men's Apparel,Online,ID,956390
2021,Idaho,West Gear,Men's Apparel,Outlet,ID,23586
2021,Idaho,West Gear,Men's Athletic Footwear,Online,ID,1244045
2021,Idaho,West Gear,Men's Athletic Footwear,Outlet,ID,29994
2021,Idaho,West Gear,Men's Street Footwear,Online,ID,1020965
2021,Idaho,West Gear,Men's Street Footwear,Outlet,ID,22628
2021,Idaho,West Gear,Women's Apparel,Online,ID,1167053
2021,Idaho,West Gear,Women's Apparel,Outlet,ID,24740
2021,Idaho,West Gear,Women's Athletic Footwear,Online,ID,845870
2021,Idaho,West Gear,Women's Athletic Footwear,Outlet,ID,18215
2021,Idaho,West Gear,Women's Street Footwear,Online,ID,1051417
2021,Idaho,West Gear,Women's Street Footwear,Outlet,ID,22166
2021,Illinois,Foot Locker,Men's Apparel,Online,IL,27791
2021,Illinois,Foot Locker,Men's Apparel,Outlet,IL,1075000
2021,Illinois,Foot Locker,Men's Athletic Footwear,Online,IL,33532
2021,Illinois,Foot Locker,Men's Athletic Footwear,Outlet,IL,1303750
2021,Illinois,Foot Locker,Men's Street Footwear,Online,IL,75921
2021,Illinois,Foot Locker,Men's Street Footwear,Outlet,IL,2863250
2021,Illinois,Foot Locker,Women's Apparel,Online,IL,49645
2021,Illinois,Foot Locker,Women's Apparel,Outlet,IL,1911250
2021,Illinois,Foot Locker,Women's Athletic Footwear,Online,IL,18381
2021,Illinois,Foot Locker,Women's Athletic Footwear,Outlet,IL,717500
2021,Illinois,Foot Locker,Women's Street Footwear,Online,IL,25266
2021,Illinois,Foot Locker,Women's Street Footwear,Outlet,IL,973750
2021,Illinois,Sports Direct,Men's Athletic Footwear,Online,IL,5488
2021,Illinois,Sports Direct,Men's Athletic Footwear,Outlet,IL,217500
2021,Illinois,Sports Direct,Men's Street Footwear,Online,IL,3780
2021,Illinois,Sports Direct,Men's Street Footwear,Outlet,IL,145000
2021,Illinois,Sports Direct,Women's Athletic Footwear,Online,IL,5168
2021,Illinois,Sports Direct,Women's Athletic Footwear,Outlet,IL,183750
2021,Illinois,Sports Direct,Women's Street Footwear,Online,IL,4266
2021,Illinois,Sports Direct,Women's Street Footwear,Outlet,IL,157500
2021,Indiana,West Gear,Men's Apparel,In-store,IN,1146250
2021,Indiana,West Gear,Men's Apparel,Online,IN,29851
2021,Indiana,West Gear,Men's Athletic Footwear,In-store,IN,1273750
2021,Indiana,West Gear,Men's Athletic Footwear,Online,IN,33089
2021,Indiana,West Gear,Men's Street Footwear,In-store,IN,2642000
2021,Indiana,West Gear,Men's Street Footwear,Online,IN,67332
2021,Indiana,West Gear,Women's Apparel,In-store,IN,1877500
2021,Indiana,West Gear,Women's Apparel,Online,IN,48845
2021,Indiana,West Gear,Women's Athletic Footwear,In-store,IN,741250
2021,Indiana,West Gear,Women's Athletic Footwear,Online,IN,20133
2021,Indiana,West Gear,Women's Street Footwear,In-store,IN,932000
2021,Indiana,West Gear,Women's Street Footwear,Online,IN,24198
2021,Iowa,Foot Locker,Men's Apparel,In-store,IA,605000
2021,Iowa,Foot Locker,Men's Apparel,Online,IA,16042
2021,Iowa,Foot Locker,Men's Athletic Footwear,In-store,IA,682500
2021,Iowa,Foot Locker,Men's Athletic Footwear,Online,IA,17845
2021,Iowa,Foot Locker,Men's Street Footwear,In-store,IA,1568500
2021,Iowa,Foot Locker,Men's Street Footwear,Online,IA,40289
2021,Iowa,Foot Locker,Women's Apparel,In-store,IA,1017500
2021,Iowa,Foot Locker,Women's Apparel,Online,IA,24903
2021,Iowa,Foot Locker,Women's Athletic Footwear,In-store,IA,367500
2021,Iowa,Foot Locker,Women's Athletic Footwear,Online,IA,9230
2021,Iowa,Foot Locker,Women's Street Footwear,In-store,IA,436250
2021,Iowa,Foot Locker,Women's Street Footwear,Online,IA,11376
2021,Iowa,West Gear,Men's Apparel,In-store,IA,300000
2021,Iowa,West Gear,Men's Apparel,Online,IA,7886
2021,Iowa,West Gear,Men's Athletic Footwear,In-store,IA,378750
2021,Iowa,West Gear,Men's Athletic Footwear,Online,IA,9742
2021,Iowa,West Gear,Men's Street Footwear,In-store,IA,780000
2021,Iowa,West Gear,Men's Street Footwear,Online,IA,20118
2021,Iowa,West Gear,Women's Apparel,In-store,IA,590000
2021,Iowa,West Gear,Women's Apparel,Online,IA,15061
2021,Iowa,West Gear,Women's Athletic Footwear,In-store,IA,207500
2021,Iowa,West Gear,Women's Athletic Footwear,Online,IA,5424
2021,Iowa,West Gear,Women's Street Footwear,In-store,IA,304500
2021,Iowa,West Gear,Women's Street Footwear,Online,IA,8095
2021,Kansas,Foot Locker,Men's Apparel,Online,KS,497056
2021,Kansas,Foot Locker,Men's Athletic Footwear,Online,KS,474131
2021,Kansas,Foot Locker,Men's Street Footwear,Online,KS,956296
2021,Kansas,Foot Locker,Women's Apparel,Online,KS,781724
2021,Kansas,Foot Locker,Women's Athletic Footwear,Online,KS,386016
2021,Kansas,Foot Locker,Women's Street Footwear,Online,KS,425727
2021,Kansas,Kohl's,Men's Apparel,Online,KS,907997
2021,Kansas,Kohl's,Men's Athletic Footwear,Online,KS,995147
2021,Kansas,Kohl's,Men's Street Footwear,Online,KS,1927212
2021,Kansas,Kohl's,Women's Apparel,Online,KS,1337094
2021,Kansas,Kohl's,Women's Athletic Footwear,Online,KS,594029
2021,Kansas,Kohl's,Women's Street Footwear,Online,KS,690435
2021,Kentucky,Amazon,Men's Apparel,Online,KY,852405
2021,Kentucky,Amazon,Men's Athletic Footwear,Online,KY,1100583
2021,Kentucky,Amazon,Men's Street Footwear,Online,KY,2286517
2021,Kentucky,Amazon,Women's Apparel,Online,KY,1470352
2021,Kentucky,Amazon,Women's Athletic Footwear,Online,KY,581179
2021,Kentucky,Amazon,Women's Street Footwear,Online,KY,801621
2021,Kentucky,Foot Locker,Men's Apparel,Online,KY,429919
2021,Kentucky,Foot Locker,Men's Athletic Footwear,Online,KY,475826
2021,Kentucky,Foot Locker,Men's Street Footwear,Online,KY,812353
2021,Kentucky,Foot Locker,Women's Apparel,Online,KY,577384
2021,Kentucky,Foot Locker,Women's Athletic Footwear,Online,KY,324609
2021,Kentucky,Foot Locker,Women's Street Footwear,Online,KY,360100
2021,Louisiana,Foot Locker,Men's Apparel,Online,LA,590052
2021,Louisiana,Foot Locker,Men's Apparel,Outlet,LA,12348
2021,Louisiana,Foot Locker,Men's Athletic Footwear,Online,LA,423556
2021,Louisiana,Foot Locker,Men's Athletic Footwear,Outlet,LA,9220
2021,Louisiana,Foot Locker,Men's Street Footwear,Online,LA,298457
2021,Louisiana,Foot Locker,Men's Street Footwear,Outlet,LA,6722
2021,Louisiana,Foot Locker,Women's Apparel,Online,LA,577725
2021,Louisiana,Foot Locker,Women's Apparel,Outlet,LA,11446
2021,Louisiana,Foot Locker,Women's Athletic Footwear,Online,LA,631871
2021,Louisiana,Foot Locker,Women's Athletic Footwear,Outlet,LA,14492
2021,Louisiana,Foot Locker,Women's Street Footwear,Online,LA,760112
2021,Louisiana,Foot Locker,Women's Street Footwear,Outlet,LA,17162
2021,Louisiana,West Gear,Men's Apparel,In-store,LA,346250
2021,Louisiana,West Gear,Men's Apparel,Online,LA,2074085
2021,Louisiana,West Gear,Men's Apparel,Outlet,LA,57666
2021,Louisiana,West Gear,Men's Athletic Footwear,In-store,LA,585000
2021,Louisiana,West Gear,Men's Athletic Footwear,Online,LA,3498503
2021,Louisiana,West Gear,Men's Athletic Footwear,Outlet,LA,91052
2021,Louisiana,West Gear,Men's Street Footwear,In-store,LA,746250
2021,Louisiana,West Gear,Men's Street Footwear,Online,LA,3401133
2021,Louisiana,West Gear,Men's Street Footwear,Outlet,LA,94345
2021,Louisiana,West Gear,Women's Apparel,In-store,LA,536250
2021,Louisiana,West Gear,Women's Apparel,Online,LA,3233383
2021,Louisiana,West Gear,Women's Apparel,Outlet,LA,85479
2021,Louisiana,West Gear,Women's Athletic Footwear,In-store,LA,533750
2021,Louisiana,West Gear,Women's Athletic Footwear,Online,LA,1961023
2021,Louisiana,West Gear,Women's Athletic Footwear,Outlet,LA,56030
2021,Louisiana,West Gear,Women's Street Footwear,In-store,LA,646250
2021,Louisiana,West Gear,Women's Street Footwear,Online,LA,2387923
2021,Louisiana,West Gear,Women's Street Footwear,Outlet,LA,63246
2021,Maine,Amazon,Men's Apparel,Online,ME,25810
2021,Maine,Amazon,Men's Apparel,Outlet,ME,970000
2021,Maine,Amazon,Men's Athletic Footwear,Online,ME,33014
2021,Maine,Amazon,Men's Athletic Footwear,Outlet,ME,1237500
2021,Maine,Amazon,Men's Street Footwear,Online,ME,73148
2021,Maine,Amazon,Men's Street Footwear,Outlet,ME,2760250
2021,Maine,Amazon,Women's Apparel,Online,ME,45999
2021,Maine,Amazon,Women's Apparel,Outlet,ME,1827500
2021,Maine,Amazon,Women's Athletic Footwear,Online,ME,17119
2021,Maine,Amazon,Women's Athletic Footwear,Outlet,ME,680000
2021,Maine,Amazon,Women's Street Footwear,Online,ME,23805
2021,Maine,Amazon,Women's Street Footwear,Outlet,ME,917250
2021,Maine,West Gear,Men's Athletic Footwear,Online,ME,4469
2021,Maine,West Gear,Men's Athletic Footwear,Outlet,ME,168750
2021,Maine,West Gear,Men's Street Footwear,Online,ME,3234
2021,Maine,West Gear,Men's Street Footwear,Outlet,ME,131250
2021,Maine,West Gear,Women's Athletic Footwear,Online,ME,2537
2021,Maine,West Gear,Women's Athletic Footwear,Outlet,ME,101250
2021,Maine,West Gear,Women's Street Footwear,Online,ME,4343
2021,Maine,West Gear,Women's Street Footwear,Outlet,ME,168750
2021,Maryland,Foot Locker,Men's Apparel,In-store,MD,412500
2021,Maryland,Foot Locker,Men's Apparel,Online,MD,10559
2021,Maryland,Foot Locker,Men's Athletic Footwear,In-store,MD,432500
2021,Maryland,Foot Locker,Men's Athletic Footwear,Online,MD,10620
2021,Maryland,Foot Locker,Men's Street Footwear,In-store,MD,1182500
2021,Maryland,Foot Locker,Men's Street Footwear,Online,MD,29025
2021,Maryland,Foot Locker,Women's Apparel,In-store,MD,750000
2021,Maryland,Foot Locker,Women's Apparel,Online,MD,18786
2021,Maryland,Foot Locker,Women's Athletic Footwear,In-store,MD,321250
2021,Maryland,Foot Locker,Women's Athletic Footwear,Online,MD,8285
2021,Maryland,Foot Locker,Women's Street Footwear,In-store,MD,447500
2021,Maryland,Foot Locker,Women's Street Footwear,Online,MD,11518
2021,Maryland,Sports Direct,Men's Apparel,In-store,MD,200000
2021,Maryland,Sports Direct,Men's Apparel,Online,MD,5572
2021,Maryland,Sports Direct,Men's Athletic Footwear,In-store,MD,448750
2021,Maryland,Sports Direct,Men's Athletic Footwear,Online,MD,11983
2021,Maryland,Sports Direct,Men's Street Footwear,In-store,MD,668750
2021,Maryland,Sports Direct,Men's Street Footwear,Online,MD,18628
2021,Maryland,Sports Direct,Women's Apparel,In-store,MD,467500
2021,Maryland,Sports Direct,Women's Apparel,Online,MD,12501
2021,Maryland,Sports Direct,Women's Athletic Footwear,In-store,MD,160000
2021,Maryland,Sports Direct,Women's Athletic Footwear,Online,MD,4148
2021,Maryland,Sports Direct,Women's Street Footwear,In-store,MD,260000
2021,Maryland,Sports Direct,Women's Street Footwear,Online,MD,7153
2021,Maryland,West Gear,Men's Apparel,In-store,MD,175000
2021,Maryland,West Gear,Men's Apparel,Online,MD,4596
2021,Maryland,West Gear,Men's Athletic Footwear,In-store,MD,287500
2021,Maryland,West Gear,Men's Athletic Footwear,Online,MD,7367
2021,Maryland,West Gear,Men's Street Footwear,In-store,MD,789500
2021,Maryland,West Gear,Men's Street Footwear,Online,MD,19881
2021,Maryland,West Gear,Women's Apparel,In-store,MD,347500
2021,Maryland,West Gear,Women's Apparel,Online,MD,8699
2021,Maryland,West Gear,Women's Athletic Footwear,In-store,MD,77500
2021,Maryland,West Gear,Women's Athletic Footwear,Online,MD,2056
2021,Maryland,West Gear,Women's Street Footwear,In-store,MD,135000
2021,Maryland,West Gear,Women's Street Footwear,Online,MD,3432
2021,Massachusetts,Amazon,Men's Apparel,In-store,MA,481250
2021,Massachusetts,Amazon,Men's Apparel,Online,MA,13154
2021,Massachusetts,Amazon,Men's Apparel,Outlet,MA,11170
2021,Massachusetts,Amazon,Men's Athletic Footwear,In-store,MA,618750
2021,Massachusetts,Amazon,Men's Athletic Footwear,Online,MA,16877
2021,Massachusetts,Amazon,Men's Athletic Footwear,Outlet,MA,14489
2021,Massachusetts,Amazon,Men's Street Footwear,In-store,MA,1112500
2021,Massachusetts,Amazon,Men's Street Footwear,Online,MA,30141
2021,Massachusetts,Amazon,Men's Street Footwear,Outlet,MA,27295
2021,Massachusetts,Amazon,Women's Apparel,In-store,MA,828750
2021,Massachusetts,Amazon,Women's Apparel,Online,MA,22154
2021,Massachusetts,Amazon,Women's Apparel,Outlet,MA,19436
2021,Massachusetts,Amazon,Women's Athletic Footwear,In-store,MA,386250
2021,Massachusetts,Amazon,Women's Athletic Footwear,Online,MA,9696
2021,Massachusetts,Amazon,Women's Athletic Footwear,Outlet,MA,9538
2021,Massachusetts,Amazon,Women's Street Footwear,In-store,MA,564750
2021,Massachusetts,Amazon,Women's Street Footwear,Online,MA,14502
2021,Massachusetts,Amazon,Women's Street Footwear,Outlet,MA,12888
2021,Massachusetts,Sports Direct,Men's Apparel,In-store,MA,775000
2021,Massachusetts,Sports Direct,Men's Apparel,Online,MA,19874
2021,Massachusetts,Sports Direct,Men's Apparel,Outlet,MA,18355
2021,Massachusetts,Sports Direct,Men's Athletic Footwear,In-store,MA,991250
2021,Massachusetts,Sports Direct,Men's Athletic Footwear,Online,MA,25743
2021,Massachusetts,Sports Direct,Men's Athletic Footwear,Outlet,MA,22807
2021,Massachusetts,Sports Direct,Men's Street Footwear,In-store,MA,2090250
2021,Massachusetts,Sports Direct,Men's Street Footwear,Online,MA,53859
2021,Massachusetts,Sports Direct,Men's Street Footwear,Outlet,MA,48537
2021,Massachusetts,Sports Direct,Women's Apparel,In-store,MA,1295000
2021,Massachusetts,Sports Direct,Women's Apparel,Online,MA,34396
2021,Massachusetts,Sports Direct,Women's Apparel,Outlet,MA,30517
2021,Massachusetts,Sports Direct,Women's Athletic Footwear,In-store,MA,707500
2021,Massachusetts,Sports Direct,Women's Athletic Footwear,Online,MA,18563
2021,Massachusetts,Sports Direct,Women's Athletic Footwear,Outlet,MA,16381
2021,Massachusetts,Sports Direct,Women's Street Footwear,In-store,MA,702500
2021,Massachusetts,Sports Direct,Women's Street Footwear,Online,MA,17197
2021,Massachusetts,Sports Direct,Women's Street Footwear,Outlet,MA,15491
2021,Michigan,Foot Locker,Men's Apparel,In-store,MI,460000
2021,Michigan,Foot Locker,Men's Apparel,Online,MI,11687
2021,Michigan,Foot Locker,Men's Athletic Footwear,In-store,MI,225000
2021,Michigan,Foot Locker,Men's Athletic Footwear,Online,MI,6199
2021,Michigan,Foot Locker,Men's Street Footwear,In-store,MI,390000
2021,Michigan,Foot Locker,Men's Street Footwear,Online,MI,9490
2021,Michigan,Foot Locker,Women's Apparel,In-store,MI,550000
2021,Michigan,Foot Locker,Women's Apparel,Online,MI,13184
2021,Michigan,Foot Locker,Women's Athletic Footwear,In-store,MI,343750
2021,Michigan,Foot Locker,Women's Athletic Footwear,Online,MI,8472
2021,Michigan,Foot Locker,Women's Street Footwear,In-store,MI,460000
2021,Michigan,Foot Locker,Women's Street Footwear,Online,MI,12548
2021,Michigan,Sports Direct,Men's Apparel,In-store,MI,2386250
2021,Michigan,Sports Direct,Men's Apparel,Online,MI,61170
2021,Michigan,Sports Direct,Men's Athletic Footwear,In-store,MI,2600000
2021,Michigan,Sports Direct,Men's Athletic Footwear,Online,MI,69552
2021,Michigan,Sports Direct,Men's Street Footwear,In-store,MI,4022000
2021,Michigan,Sports Direct,Men's Street Footwear,Online,MI,105472
2021,Michigan,Sports Direct,Women's Apparel,In-store,MI,3143750
2021,Michigan,Sports Direct,Women's Apparel,Online,MI,79626
2021,Michigan,Sports Direct,Women's Athletic Footwear,In-store,MI,1766250
2021,Michigan,Sports Direct,Women's Athletic Footwear,Online,MI,47631
2021,Michigan,Sports Direct,Women's Street Footwear,In-store,MI,1806500
2021,Michigan,Sports Direct,Women's Street Footwear,Online,MI,46902
2021,Mississippi,Foot Locker,Men's Apparel,Online,MS,876083
2021,Mississippi,Foot Locker,Men's Apparel,Outlet,MS,19909
2021,Mississippi,Foot Locker,Men's Athletic Footwear,Online,MS,588129
2021,Mississippi,Foot Locker,Men's Athletic Footwear,Outlet,MS,13150
2021,Mississippi,Foot Locker,Men's Street Footwear,Online,MS,1532062
2021,Mississippi,Foot Locker,Men's Street Footwear,Outlet,MS,36859
2021,Mississippi,Foot Locker,Women's Apparel,Online,MS,1057284
2021,Mississippi,Foot Locker,Women's Apparel,Outlet,MS,25165
2021,Mississippi,Foot Locker,Women's Athletic Footwear,Online,MS,543584
2021,Mississippi,Foot Locker,Women's Athletic Footwear,Outlet,MS,12523
2021,Mississippi,Foot Locker,Women's Street Footwear,Online,MS,495496
2021,Mississippi,Foot Locker,Women's Street Footwear,Outlet,MS,11577
2021,Mississippi,Sports Direct,Men's Apparel,Online,MS,793773
2021,Mississippi,Sports Direct,Men's Apparel,Outlet,MS,19464
2021,Mississippi,Sports Direct,Men's Athletic Footwear,Online,MS,651891
2021,Mississippi,Sports Direct,Men's Athletic Footwear,Outlet,MS,15473
2021,Mississippi,Sports Direct,Men's Street Footwear,Online,MS,1094016
2021,Mississippi,Sports Direct,Men's Street Footwear,Outlet,MS,24045
2021,Mississippi,Sports Direct,Women's Apparel,Online,MS,1131616
2021,Mississippi,Sports Direct,Women's Apparel,Outlet,MS,25220
2021,Mississippi,Sports Direct,Women's Athletic Footwear,Online,MS,630248
2021,Mississippi,Sports Direct,Women's Athletic Footwear,Outlet,MS,13768
2021,Mississippi,Sports Direct,Women's Street Footwear,Online,MS,575509
2021,Mississippi,Sports Direct,Women's Street Footwear,Outlet,MS,12448
2021,Mississippi,Walmart,Men's Apparel,Online,MS,788230
2021,Mississippi,Walmart,Men's Apparel,Outlet,MS,17959
2021,Mississippi,Walmart,Men's Athletic Footwear,Online,MS,1047717
2021,Mississippi,Walmart,Men's Athletic Footwear,Outlet,MS,24795
2021,Mississippi,Walmart,Men's Street Footwear,Online,MS,1120963
2021,Mississippi,Walmart,Men's Street Footwear,Outlet,MS,24960
2021,Mississippi,Walmart,Women's Apparel,Online,MS,981353
2021,Mississippi,Walmart,Women's Apparel,Outlet,MS,23053
2021,Mississippi,Walmart,Women's Athletic Footwear,Online,MS,610259
2021,Mississippi,Walmart,Women's Athletic Footwear,Outlet,MS,13523
2021,Mississippi,Walmart,Women's Street Footwear,Online,MS,722311
2021,Mississippi,Walmart,Women's Street Footwear,Outlet,MS,17294
2021,Missouri,Foot Locker,Men's Apparel,In-store,MO,1122500
2021,Missouri,Foot Locker,Men's Apparel,Online,MO,29377
2021,Missouri,Foot Locker,Men's Athletic Footwear,In-store,MO,1223750
2021,Missouri,Foot Locker,Men's Athletic Footwear,Online,MO,30699
2021,Missouri,Foot Locker,Men's Street Footwear,In-store,MO,2317500
2021,Missouri,Foot Locker,Men's Street Footwear,Online,MO,60299
2021,Missouri,Foot Locker,Women's Apparel,In-store,MO,1641250
2021,Missouri,Foot Locker,Women's Apparel,Online,MO,42813
2021,Missouri,Foot Locker,Women's Athletic Footwear,In-store,MO,700000
2021,Missouri,Foot Locker,Women's Athletic Footwear,Online,MO,18022
2021,Missouri,Foot Locker,Women's Street Footwear,In-store,MO,775000
2021,Missouri,Foot Locker,Women's Street Footwear,Online,MO,20922
2021,Missouri,West Gear,Men's Apparel,In-store,MO,288750
2021,Missouri,West Gear,Men's Apparel,Online,MO,6930
2021,Missouri,West Gear,Men's Athletic Footwear,In-store,MO,212500
2021,Missouri,West Gear,Men's Athletic Footwear,Online,MO,5483
2021,Missouri,West Gear,Men's Street Footwear,In-store,MO,350000
2021,Missouri,West Gear,Men's Street Footwear,Online,MO,9958
2021,Missouri,West Gear,Women's Apparel,In-store,MO,343750
2021,Missouri,West Gear,Women's Apparel,Online,MO,9234
2021,Missouri,West Gear,Women's Athletic Footwear,In-store,MO,187500
2021,Missouri,West Gear,Women's Athletic Footwear,Online,MO,4576
2021,Missouri,West Gear,Women's Street Footwear,In-store,MO,275000
2021,Missouri,West Gear,Women's Street Footwear,Online,MO,7452
2021,Montana,Kohl's,Men's Apparel,Online,MT,50506
2021,Montana,Kohl's,Men's Apparel,Outlet,MT,1962500
2021,Montana,Kohl's,Men's Athletic Footwear,Online,MT,72076
2021,Montana,Kohl's,Men's Athletic Footwear,Outlet,MT,2763750
2021,Montana,Kohl's,Men's Street Footwear,Online,MT,74765
2021,Montana,Kohl's,Men's Street Footwear,Outlet,MT,2798750
2021,Montana,Kohl's,Women's Apparel,Online,MT,78558
2021,Montana,Kohl's,Women's Apparel,Outlet,MT,3030000
2021,Montana,Kohl's,Women's Athletic Footwear,Online,MT,46328
2021,Montana,Kohl's,Women's Athletic Footwear,Outlet,MT,1805000
2021,Montana,Kohl's,Women's Street Footwear,Online,MT,60515
2021,Montana,Kohl's,Women's Street Footwear,Outlet,MT,2276250
2021,Montana,Sports Direct,Men's Athletic Footwear,Online,MT,5278
2021,Montana,Sports Direct,Men's Athletic Footwear,Outlet,MT,210000
2021,Montana,Sports Direct,Men's Street Footwear,Online,MT,3780
2021,Montana,Sports Direct,Men's Street Footwear,Outlet,MT,140000
2021,Montana,Sports Direct,Women's Athletic Footwear,Online,MT,4320
2021,Montana,Sports Direct,Women's Athletic Footwear,Outlet,MT,175000
2021,Montana,Sports Direct,Women's Street Footwear,Online,MT,3510
2021,Montana,Sports Direct,Women's Street Footwear,Outlet,MT,150000
2021,Nebraska,Foot Locker,Men's Apparel,Online,NE,12697
2021,Nebraska,Foot Locker,Men's Apparel,Outlet,NE,517500
2021,Nebraska,Foot Locker,Men's Athletic Footwear,Online,NE,18549
2021,Nebraska,Foot Locker,Men's Athletic Footwear,Outlet,NE,716250
2021,Nebraska,Foot Locker,Men's Street Footwear,Online,NE,51467
2021,Nebraska,Foot Locker,Men's Street Footwear,Outlet,NE,1940750
2021,Nebraska,Foot Locker,Women's Apparel,Online,NE,30161
2021,Nebraska,Foot Locker,Women's Apparel,Outlet,NE,1172500
2021,Nebraska,Foot Locker,Women's Athletic Footwear,Online,NE,7373
2021,Nebraska,Foot Locker,Women's Athletic Footwear,Outlet,NE,287500
2021,Nebraska,Foot Locker,Women's Street Footwear,Online,NE,12832
2021,Nebraska,Foot Locker,Women's Street Footwear,Outlet,NE,497250
2021,Nebraska,Sports Direct,Men's Athletic Footwear,Online,NE,5684
2021,Nebraska,Sports Direct,Men's Athletic Footwear,Outlet,NE,202500
2021,Nebraska,Sports Direct,Men's Street Footwear,Online,NE,3857
2021,Nebraska,Sports Direct,Men's Street Footwear,Outlet,NE,135000
2021,Nebraska,Sports Direct,Women's Athletic Footwear,Online,NE,4554
2021,Nebraska,Sports Direct,Women's Athletic Footwear,Outlet,NE,166250
2021,Nebraska,Sports Direct,Women's Street Footwear,Online,NE,3864
2021,Nebraska,Sports Direct,Women's Street Footwear,Outlet,NE,142500
2021,New Hampshire,Amazon,Men's Apparel,In-store,NH,796250
2021,New Hampshire,Amazon,Men's Apparel,Online,NH,36162
2021,New Hampshire,Amazon,Men's Apparel,Outlet,NH,568037
2021,New Hampshire,Amazon,Men's Athletic Footwear,In-store,NH,697500
2021,New Hampshire,Amazon,Men's Athletic Footwear,Online,NH,38464
2021,New Hampshire,Amazon,Men's Athletic Footwear,Outlet,NH,782974
2021,New Hampshire,Amazon,Men's Street Footwear,In-store,NH,1840500
2021,New Hampshire,Amazon,Men's Street Footwear,Online,NH,69910
2021,New Hampshire,Amazon,Men's Street Footwear,Outlet,NH,859032
2021,New Hampshire,Amazon,Women's Apparel,In-store,NH,1130000
2021,New Hampshire,Amazon,Women's Apparel,Online,NH,51190
2021,New Hampshire,Amazon,Women's Apparel,Outlet,NH,938244
2021,New Hampshire,Amazon,Women's Athletic Footwear,In-store,NH,566250
2021,New Hampshire,Amazon,Women's Athletic Footwear,Online,NH,26301
2021,New Hampshire,Amazon,Women's Athletic Footwear,Outlet,NH,477680
2021,New Hampshire,Amazon,Women's Street Footwear,In-store,NH,591250
2021,New Hampshire,Amazon,Women's Street Footwear,Online,NH,30532
2021,New Hampshire,Amazon,Women's Street Footwear,Outlet,NH,576866
2021,New Hampshire,Foot Locker,Men's Apparel,Online,NH,20027
2021,New Hampshire,Foot Locker,Men's Apparel,Outlet,NH,766664
2021,New Hampshire,Foot Locker,Men's Athletic Footwear,Online,NH,25396
2021,New Hampshire,Foot Locker,Men's Athletic Footwear,Outlet,NH,992954
2021,New Hampshire,Foot Locker,Men's Street Footwear,Online,NH,44107
2021,New Hampshire,Foot Locker,Men's Street Footwear,Outlet,NH,1770499
2021,New Hampshire,Foot Locker,Women's Apparel,Online,NH,27750
2021,New Hampshire,Foot Locker,Women's Apparel,Outlet,NH,1111169
2021,New Hampshire,Foot Locker,Women's Athletic Footwear,Online,NH,15721
2021,New Hampshire,Foot Locker,Women's Athletic Footwear,Outlet,NH,642453
2021,New Hampshire,Foot Locker,Women's Street Footwear,Online,NH,23963
2021,New Hampshire,Foot Locker,Women's Street Footwear,Outlet,NH,893822
2021,New Jersey,Kohl's,Men's Apparel,In-store,NJ,792500
2021,New Jersey,Kohl's,Men's Apparel,Online,NJ,20562
2021,New Jersey,Kohl's,Men's Athletic Footwear,In-store,NJ,976250
2021,New Jersey,Kohl's,Men's Athletic Footwear,Online,NJ,25281
2021,New Jersey,Kohl's,Men's Street Footwear,In-store,NJ,1983250
2021,New Jersey,Kohl's,Men's Street Footwear,Online,NJ,51697
2021,New Jersey,Kohl's,Women's Apparel,In-store,NJ,1252500
2021,New Jersey,Kohl's,Women's Apparel,Online,NJ,33950
2021,New Jersey,Kohl's,Women's Athletic Footwear,In-store,NJ,565000
2021,New Jersey,Kohl's,Women's Athletic Footwear,Online,NJ,13890
2021,New Jersey,Kohl's,Women's Street Footwear,In-store,NJ,695000
2021,New Jersey,Kohl's,Women's Street Footwear,Online,NJ,17805
2021,New Jersey,Sports Direct,Men's Apparel,In-store,NJ,400000
2021,New Jersey,Sports Direct,Men's Apparel,Online,NJ,10750
2021,New Jersey,Sports Direct,Men's Athletic Footwear,In-store,NJ,512500
2021,New Jersey,Sports Direct,Men's Athletic Footwear,Online,NJ,14042
2021,New Jersey,Sports Direct,Men's Street Footwear,In-store,NJ,990000
2021,New Jersey,Sports Direct,Men's Street Footwear,Online,NJ,25128
2021,New Jersey,Sports Direct,Women's Apparel,In-store,NJ,737500
2021,New Jersey,Sports Direct,Women's Apparel,Online,NJ,18541
2021,New Jersey,Sports Direct,Women's Athletic Footwear,In-store,NJ,315000
2021,New Jersey,Sports Direct,Women's Athletic Footwear,Online,NJ,8472
2021,New Jersey,Sports Direct,Women's Street Footwear,In-store,NJ,462500
2021,New Jersey,Sports Direct,Women's Street Footwear,Online,NJ,12128
2021,New Mexico,Kohl's,Men's Apparel,Online,NM,2052113
2021,New Mexico,Kohl's,Men's Apparel,Outlet,NM,46367
2021,New Mexico,Kohl's,Men's Athletic Footwear,Online,NM,3370996
2021,New Mexico,Kohl's,Men's Athletic Footwear,Outlet,NM,75597
2021,New Mexico,Kohl's,Men's Street Footwear,Online,NM,3512069
2021,New Mexico,Kohl's,Men's Street Footwear,Outlet,NM,80054
2021,New Mexico,Kohl's,Women's Apparel,Online,NM,3193353
2021,New Mexico,Kohl's,Women's Apparel,Outlet,NM,74165
2021,New Mexico,Kohl's,Women's Athletic Footwear,Online,NM,2095522
2021,New Mexico,Kohl's,Women's Athletic Footwear,Outlet,NM,46398
2021,New Mexico,Kohl's,Women's Street Footwear,Online,NM,2462758
2021,New Mexico,Kohl's,Women's Street Footwear,Outlet,NM,56573
2021,New Mexico,Sports Direct,Men's Apparel,Online,NM,420199
2021,New Mexico,Sports Direct,Men's Apparel,Outlet,NM,9665
2021,New Mexico,Sports Direct,Men's Athletic Footwear,Online,NM,349409
2021,New Mexico,Sports Direct,Men's Athletic Footwear,Outlet,NM,7128
2021,New Mexico,Sports Direct,Men's Street Footwear,Online,NM,293004
2021,New Mexico,Sports Direct,Men's Street Footwear,Outlet,NM,7026
2021,New Mexico,Sports Direct,Women's Apparel,Online,NM,587394
2021,New Mexico,Sports Direct,Women's Apparel,Outlet,NM,13608
2021,New Mexico,Sports Direct,Women's Athletic Footwear,Online,NM,430900
2021,New Mexico,Sports Direct,Women's Athletic Footwear,Outlet,NM,9972
2021,New Mexico,Sports Direct,Women's Street Footwear,Online,NM,656306
2021,New Mexico,Sports Direct,Women's Street Footwear,Outlet,NM,14440
2021,New York,Kohl's,Men's Apparel,In-store,NY,623750
2021,New York,Kohl's,Men's Apparel,Online,NY,16405
2021,New York,Kohl's,Men's Athletic Footwear,In-store,NY,440000
2021,New York,Kohl's,Men's Athletic Footwear,Online,NY,11449
2021,New York,Kohl's,Men's Street Footwear,In-store,NY,660000
2021,New York,Kohl's,Men's Street Footwear,Online,NY,17230
2021,New York,Kohl's,Women's Apparel,In-store,NY,712500
2021,New York,Kohl's,Women's Apparel,Online,NY,18486
2021,New York,Kohl's,Women's Athletic Footwear,In-store,NY,473750
2021,New York,Kohl's,Women's Athletic Footwear,Online,NY,12824
2021,New York,Kohl's,Women's Street Footwear,In-store,NY,688750
2021,New York,Kohl's,Women's Street Footwear,Online,NY,17495
2021,New York,West Gear,Men's Apparel,In-store,NY,3152500
2021,New York,West Gear,Men's Apparel,Online,NY,80898
2021,New York,West Gear,Men's Athletic Footwear,In-store,NY,3292500
2021,New York,West Gear,Men's Athletic Footwear,Online,NY,85647
2021,New York,West Gear,Men's Street Footwear,In-store,NY,4966250
2021,New York,West Gear,Men's Street Footwear,Online,NY,130507
2021,New York,West Gear,Women's Apparel,In-store,NY,3948750
2021,New York,West Gear,Women's Apparel,Online,NY,99373
2021,New York,West Gear,Women's Athletic Footwear,In-store,NY,2426250
2021,New York,West Gear,Women's Athletic Footwear,Online,NY,60187
2021,New York,West Gear,Women's Street Footwear,In-store,NY,2430000
2021,New York,West Gear,Women's Street Footwear,Online,NY,62303
2021,North Carolina,Amazon,Men's Apparel,Online,NC,702867
2021,North Carolina,Amazon,Men's Athletic Footwear,Online,NC,377169
2021,North Carolina,Amazon,Men's Street Footwear,Online,NC,573600
2021,North Carolina,Amazon,Women's Apparel,Online,NC,803561
2021,North Carolina,Amazon,Women's Athletic Footwear,Online,NC,546847
2021,North Carolina,Amazon,Women's Street Footwear,Online,NC,729632
2021,North Carolina,Sports Direct,Men's Apparel,Online,NC,3287599
2021,North Carolina,Sports Direct,Men's Athletic Footwear,Online,NC,3301257
2021,North Carolina,Sports Direct,Men's Street Footwear,Online,NC,4864657
2021,North Carolina,Sports Direct,Women's Apparel,Online,NC,4003525
2021,North Carolina,Sports Direct,Women's Athletic Footwear,Online,NC,2455478
2021,North Carolina,Sports Direct,Women's Street Footwear,Online,NC,2310339
2021,North Dakota,Foot Locker,Men's Apparel,In-store,ND,270000
2021,North Dakota,Foot Locker,Men's Apparel,Online,ND,7148
2021,North Dakota,Foot Locker,Men's Athletic Footwear,In-store,ND,370000
2021,North Dakota,Foot Locker,Men's Athletic Footwear,Online,ND,9368
2021,North Dakota,Foot Locker,Men's Street Footwear,In-store,ND,785000
2021,North Dakota,Foot Locker,Men's Street Footwear,Online,ND,21241
2021,North Dakota,Foot Locker,Women's Apparel,In-store,ND,570000
2021,North Dakota,Foot Locker,Women's Apparel,Online,ND,14783
2021,North Dakota,Foot Locker,Women's Athletic Footwear,In-store,ND,195000
2021,North Dakota,Foot Locker,Women's Athletic Footwear,Online,ND,4995
2021,North Dakota,Foot Locker,Women's Street Footwear,In-store,ND,293000
2021,North Dakota,Foot Locker,Women's Street Footwear,Online,ND,7927
2021,North Dakota,Sports Direct,Men's Apparel,In-store,ND,502500
2021,North Dakota,Sports Direct,Men's Apparel,Online,ND,145146
2021,North Dakota,Sports Direct,Men's Athletic Footwear,In-store,ND,643750
2021,North Dakota,Sports Direct,Men's Athletic Footwear,Online,ND,124644
2021,North Dakota,Sports Direct,Men's Street Footwear,In-store,ND,1424500
2021,North Dakota,Sports Direct,Men's Street Footwear,Online,ND,327059
2021,North Dakota,Sports Direct,Women's Apparel,In-store,ND,928750
2021,North Dakota,Sports Direct,Women's Apparel,Online,ND,164668
2021,North Dakota,Sports Direct,Women's Athletic Footwear,In-store,ND,337500
2021,North Dakota,Sports Direct,Women's Athletic Footwear,Online,ND,78339
2021,North Dakota,Sports Direct,Women's Street Footwear,In-store,ND,422500
2021,North Dakota,Sports Direct,Women's Street Footwear,Online,ND,87762
2021,Ohio,Amazon,Men's Apparel,Online,OH,2567061
2021,Ohio,Amazon,Men's Athletic Footwear,Online,OH,2770609
2021,Ohio,Amazon,Men's Street Footwear,Online,OH,4464402
2021,Ohio,Amazon,Women's Apparel,Online,OH,3268924
2021,Ohio,Amazon,Women's Athletic Footwear,Online,OH,1885400
2021,Ohio,Amazon,Women's Street Footwear,Online,OH,1879477
2021,Ohio,West Gear,Men's Apparel,Online,OH,403406
2021,Ohio,West Gear,Women's Apparel,Online,OH,511544
2021,Ohio,West Gear,Women's Athletic Footwear,Online,OH,350511
2021,Ohio,West Gear,Women's Street Footwear,Online,OH,383249
2021,Oklahoma,Kohl's,Men's Apparel,Online,OK,534451
2021,Oklahoma,Kohl's,Men's Apparel,Outlet,OK,12954
2021,Oklahoma,Kohl's,Men's Athletic Footwear,Online,OK,461582
2021,Oklahoma,Kohl's,Men's Athletic Footwear,Outlet,OK,11014
2021,Oklahoma,Kohl's,Men's Street Footwear,Online,OK,864778
2021,Oklahoma,Kohl's,Men's Street Footwear,Outlet,OK,20320
2021,Oklahoma,Kohl's,Women's Apparel,Online,OK,805909
2021,Oklahoma,Kohl's,Women's Apparel,Outlet,OK,18453
2021,Oklahoma,Kohl's,Women's Athletic Footwear,Online,OK,410040
2021,Oklahoma,Kohl's,Women's Athletic Footwear,Outlet,OK,9580
2021,Oklahoma,Kohl's,Women's Street Footwear,Online,OK,393289
2021,Oklahoma,Kohl's,Women's Street Footwear,Outlet,OK,9685
2021,Oklahoma,West Gear,Men's Apparel,Online,OK,1005245
2021,Oklahoma,West Gear,Men's Apparel,Outlet,OK,24273
2021,Oklahoma,West Gear,Men's Athletic Footwear,Online,OK,1066853
2021,Oklahoma,West Gear,Men's Athletic Footwear,Outlet,OK,23421
2021,Oklahoma,West Gear,Men's Street Footwear,Online,OK,2007771
2021,Oklahoma,West Gear,Men's Street Footwear,Outlet,OK,47368
2021,Oklahoma,West Gear,Women's Apparel,Online,OK,1420579
2021,Oklahoma,West Gear,Women's Apparel,Outlet,OK,31854
2021,Oklahoma,West Gear,Women's Athletic Footwear,Online,OK,658792
2021,Oklahoma,West Gear,Women's Athletic Footwear,Outlet,OK,16411
2021,Oklahoma,West Gear,Women's Street Footwear,Online,OK,748821
2021,Oklahoma,West Gear,Women's Street Footwear,Outlet,OK,17291
2021,Oregon,West Gear,Men's Apparel,In-store,OR,2548750
2021,Oregon,West Gear,Men's Apparel,Online,OR,64283
2021,Oregon,West Gear,Men's Apparel,Outlet,OR,61424
2021,Oregon,West Gear,Men's Athletic Footwear,In-store,OR,3976250
2021,Oregon,West Gear,Men's Athletic Footwear,Online,OR,105737
2021,Oregon,West Gear,Men's Athletic Footwear,Outlet,OR,92591
2021,Oregon,West Gear,Men's Street Footwear,In-store,OR,3996250
2021,Oregon,West Gear,Men's Street Footwear,Online,OR,102456
2021,Oregon,West Gear,Men's Street Footwear,Outlet,OR,97229
2021,Oregon,West Gear,Women's Apparel,In-store,OR,3796250
2021,Oregon,West Gear,Women's Apparel,Online,OR,97168
2021,Oregon,West Gear,Women's Apparel,Outlet,OR,89045
2021,Oregon,West Gear,Women's Athletic Footwear,In-store,OR,2620000
2021,Oregon,West Gear,Women's Athletic Footwear,Online,OR,70573
2021,Oregon,West Gear,Women's Athletic Footwear,Outlet,OR,61632
2021,Oregon,West Gear,Women's Street Footwear,In-store,OR,3398750
2021,Oregon,West Gear,Women's Street Footwear,Online,OR,90225
2021,Oregon,West Gear,Women's Street Footwear,Outlet,OR,81061
2021,Pennsylvania,Foot Locker,Men's Apparel,Online,PA,26286
2021,Pennsylvania,Foot Locker,Men's Apparel,Outlet,PA,1029213
2021,Pennsylvania,Foot Locker,Men's Athletic Footwear,Online,PA,35239
2021,Pennsylvania,Foot Locker,Men's Athletic Footwear,Outlet,PA,1388821
2021,Pennsylvania,Foot Locker,Men's Street Footwear,Online,PA,81550
2021,Pennsylvania,Foot Locker,Men's Street Footwear,Outlet,PA,3153991
2021,Pennsylvania,Foot Locker,Women's Apparel,Online,PA,43674
2021,Pennsylvania,Foot Locker,Women's Apparel,Outlet,PA,1792664
2021,Pennsylvania,Foot Locker,Women's Athletic Footwear,Online,PA,19566
2021,Pennsylvania,Foot Locker,Women's Athletic Footwear,Outlet,PA,765409
2021,Pennsylvania,Foot Locker,Women's Street Footwear,Online,PA,25901
2021,Pennsylvania,Foot Locker,Women's Street Footwear,Outlet,PA,1046731
2021,Rhode Island,Foot Locker,Men's Apparel,In-store,RI,570000
2021,Rhode Island,Foot Locker,Men's Apparel,Online,RI,14683
2021,Rhode Island,Foot Locker,Men's Apparel,Outlet,RI,13180
2021,Rhode Island,Foot Locker,Men's Athletic Footwear,In-store,RI,803750
2021,Rhode Island,Foot Locker,Men's Athletic Footwear,Online,RI,20476
2021,Rhode Island,Foot Locker,Men's Athletic Footwear,Outlet,RI,19709
2021,Rhode Island,Foot Locker,Men's Street Footwear,In-store,RI,1795750
2021,Rhode Island,Foot Locker,Men's Street Footwear,Online,RI,44027
2021,Rhode Island,Foot Locker,Men's Street Footwear,Outlet,RI,42601
2021,Rhode Island,Foot Locker,Women's Apparel,In-store,RI,1062500
2021,Rhode Island,Foot Locker,Women's Apparel,Online,RI,27467
2021,Rhode Island,Foot Locker,Women's Apparel,Outlet,RI,24994
2021,Rhode Island,Foot Locker,Women's Athletic Footwear,In-store,RI,395000
2021,Rhode Island,Foot Locker,Women's Athletic Footwear,Online,RI,10765
2021,Rhode Island,Foot Locker,Women's Athletic Footwear,Outlet,RI,9114
2021,Rhode Island,Foot Locker,Women's Street Footwear,In-store,RI,545000
2021,Rhode Island,Foot Locker,Women's Street Footwear,Online,RI,14840
2021,Rhode Island,Foot Locker,Women's Street Footwear,Outlet,RI,12931
2021,Rhode Island,Sports Direct,Men's Apparel,In-store,RI,315000
2021,Rhode Island,Sports Direct,Men's Apparel,Online,RI,8328
2021,Rhode Island,Sports Direct,Men's Apparel,Outlet,RI,7490
2021,Rhode Island,Sports Direct,Men's Athletic Footwear,In-store,RI,422500
2021,Rhode Island,Sports Direct,Men's Athletic Footwear,Online,RI,10550
2021,Rhode Island,Sports Direct,Men's Athletic Footwear,Outlet,RI,10841
2021,Rhode Island,Sports Direct,Men's Street Footwear,In-store,RI,890000
2021,Rhode Island,Sports Direct,Men's Street Footwear,Online,RI,22343
2021,Rhode Island,Sports Direct,Men's Street Footwear,Outlet,RI,19830
2021,Rhode Island,Sports Direct,Women's Apparel,In-store,RI,620000
2021,Rhode Island,Sports Direct,Women's Apparel,Online,RI,16092
2021,Rhode Island,Sports Direct,Women's Apparel,Outlet,RI,14739
2021,Rhode Island,Sports Direct,Women's Athletic Footwear,In-store,RI,247500
2021,Rhode Island,Sports Direct,Women's Athletic Footwear,Online,RI,6788
2021,Rhode Island,Sports Direct,Women's Athletic Footwear,Outlet,RI,5891
2021,Rhode Island,Sports Direct,Women's Street Footwear,In-store,RI,382500
2021,Rhode Island,Sports Direct,Women's Street Footwear,Online,RI,10261
2021,Rhode Island,Sports Direct,Women's Street Footwear,Outlet,RI,9366
2021,South Carolina,Foot Locker,Men's Apparel,Online,SC,4069745
2021,South Carolina,Foot Locker,Men's Athletic Footwear,Online,SC,4071614
2021,South Carolina,Foot Locker,Men's Street Footwear,Online,SC,5783765
2021,South Carolina,Foot Locker,Women's Apparel,Online,SC,4854229
2021,South Carolina,Foot Locker,Women's Athletic Footwear,Online,SC,3090484
2021,South Carolina,Foot Locker,Women's Street Footwear,Online,SC,2952443
2021,South Carolina,Sports Direct,Men's Apparel,Online,SC,845152
2021,South Carolina,Sports Direct,Men's Athletic Footwear,Online,SC,485046
2021,South Carolina,Sports Direct,Men's Street Footwear,Online,SC,681565
2021,South Carolina,Sports Direct,Women's Apparel,Online,SC,932168
2021,South Carolina,Sports Direct,Women's Athletic Footwear,Online,SC,653963
2021,South Carolina,Sports Direct,Women's Street Footwear,Online,SC,865463
2021,South Dakota,Foot Locker,Men's Apparel,Online,SD,699052
2021,South Dakota,Foot Locker,Men's Athletic Footwear,Online,SD,854453
2021,South Dakota,Foot Locker,Men's Street Footwear,Online,SD,1919046
2021,South Dakota,Foot Locker,Women's Apparel,Online,SD,1167701
2021,South Dakota,Foot Locker,Women's Athletic Footwear,Online,SD,464200
2021,South Dakota,Foot Locker,Women's Street Footwear,Online,SD,584703
2021,South Dakota,Sports Direct,Men's Apparel,Online,SD,296312
2021,South Dakota,Sports Direct,Men's Athletic Footwear,Online,SD,430060
2021,South Dakota,Sports Direct,Men's Street Footwear,Online,SD,893024
2021,South Dakota,Sports Direct,Women's Apparel,Online,SD,618741
2021,South Dakota,Sports Direct,Women's Athletic Footwear,Online,SD,221316
2021,South Dakota,Sports Direct,Women's Street Footwear,Online,SD,346968
2021,Tennessee,Foot Locker,Men's Athletic Footwear,Online,TN,1792
2021,Tennessee,Foot Locker,Men's Athletic Footwear,Outlet,TN,80360
2021,Tennessee,Foot Locker,Men's Street Footwear,Online,TN,3808
2021,Tennessee,Foot Locker,Men's Street Footwear,Outlet,TN,152530
2021,Tennessee,Foot Locker,Women's Athletic Footwear,Online,TN,513
2021,Tennessee,Foot Locker,Women's Athletic Footwear,Outlet,TN,23006
2021,Tennessee,Foot Locker,Women's Street Footwear,Online,TN,1560
2021,Tennessee,Foot Locker,Women's Street Footwear,Outlet,TN,57656
2021,Tennessee,Sports Direct,Men's Apparel,Online,TN,57231
2021,Tennessee,Sports Direct,Men's Apparel,Outlet,TN,2246841
2021,Tennessee,Sports Direct,Men's Athletic Footwear,Online,TN,81630
2021,Tennessee,Sports Direct,Men's Athletic Footwear,Outlet,TN,3210287
2021,Tennessee,Sports Direct,Men's Street Footwear,Online,TN,71032
2021,Tennessee,Sports Direct,Men's Street Footwear,Outlet,TN,2835254
2021,Tennessee,Sports Direct,Women's Apparel,Online,TN,92512
2021,Tennessee,Sports Direct,Women's Apparel,Outlet,TN,3747298
2021,Tennessee,Sports Direct,Women's Athletic Footwear,Online,TN,55100
2021,Tennessee,Sports Direct,Women's Athletic Footwear,Outlet,TN,2226852
2021,Tennessee,Sports Direct,Women's Street Footwear,Online,TN,77183
2021,Tennessee,Sports Direct,Women's Street Footwear,Outlet,TN,3044995
2021,Texas,Foot Locker,Men's Athletic Footwear,Online,TX,2788
2021,Texas,Foot Locker,Men's Athletic Footwear,Outlet,TX,103562
2021,Texas,Foot Locker,Men's Street Footwear,Online,TX,4884
2021,Texas,Foot Locker,Men's Street Footwear,Outlet,TX,195602
2021,Texas,Foot Locker,Women's Athletic Footwear,Online,TX,722
2021,Texas,Foot Locker,Women's Athletic Footwear,Outlet,TX,30644
2021,Texas,Foot Locker,Women's Street Footwear,Online,TX,1848
2021,Texas,Foot Locker,Women's Street Footwear,Outlet,TX,80766
2021,Texas,Sports Direct,Men's Apparel,Online,TX,68262
2021,Texas,Sports Direct,Men's Apparel,Outlet,TX,2623907
2021,Texas,Sports Direct,Men's Athletic Footwear,Online,TX,90405
2021,Texas,Sports Direct,Men's Athletic Footwear,Outlet,TX,3681684
2021,Texas,Sports Direct,Men's Street Footwear,Online,TX,80866
2021,Texas,Sports Direct,Men's Street Footwear,Outlet,TX,3300838
2021,Texas,Sports Direct,Women's Apparel,Online,TX,112490
2021,Texas,Sports Direct,Women's Apparel,Outlet,TX,4254091
2021,Texas,Sports Direct,Women's Athletic Footwear,Online,TX,67966
2021,Texas,Sports Direct,Women's Athletic Footwear,Outlet,TX,2619591
2021,Texas,Sports Direct,Women's Street Footwear,Online,TX,88271
2021,Texas,Sports Direct,Women's Street Footwear,Outlet,TX,3493677
2021,Utah,West Gear,Men's Apparel,In-store,UT,1376250
2021,Utah,West Gear,Men's Apparel,Online,UT,35994
2021,Utah,West Gear,Men's Apparel,Outlet,UT,32368
2021,Utah,West Gear,Men's Athletic Footwear,In-store,UT,1450000
2021,Utah,West Gear,Men's Athletic Footwear,Online,UT,38487
2021,Utah,West Gear,Men's Athletic Footwear,Outlet,UT,36002
2021,Utah,West Gear,Men's Street Footwear,In-store,UT,2413000
2021,Utah,West Gear,Men's Street Footwear,Online,UT,62760
2021,Utah,West Gear,Men's Street Footwear,Outlet,UT,58983
2021,Utah,West Gear,Women's Apparel,In-store,UT,1993750
2021,Utah,West Gear,Women's Apparel,Online,UT,50805
2021,Utah,West Gear,Women's Apparel,Outlet,UT,50046
2021,Utah,West Gear,Women's Athletic Footwear,In-store,UT,865000
2021,Utah,West Gear,Women's Athletic Footwear,Online,UT,22545
2021,Utah,West Gear,Women's Athletic Footwear,Outlet,UT,20215
2021,Utah,West Gear,Women's Street Footwear,In-store,UT,1134000
2021,Utah,West Gear,Women's Street Footwear,Online,UT,29391
2021,Utah,West Gear,Women's Street Footwear,Outlet,UT,26824
2021,Vermont,Amazon,Men's Apparel,In-store,VT,1775000
2021,Vermont,Amazon,Men's Apparel,Online,VT,45533
2021,Vermont,Amazon,Men's Apparel,Outlet,VT,42163
2021,Vermont,Amazon,Men's Athletic Footwear,In-store,VT,1938750
2021,Vermont,Amazon,Men's Athletic Footwear,Online,VT,48569
2021,Vermont,Amazon,Men's Athletic Footwear,Outlet,VT,48795
2021,Vermont,Amazon,Men's Street Footwear,In-store,VT,3614750
2021,Vermont,Amazon,Men's Street Footwear,Online,VT,91734
2021,Vermont,Amazon,Men's Street Footwear,Outlet,VT,83529
2021,Vermont,Amazon,Women's Apparel,In-store,VT,2500000
2021,Vermont,Amazon,Women's Apparel,Online,VT,62020
2021,Vermont,Amazon,Women's Apparel,Outlet,VT,61426
2021,Vermont,Amazon,Women's Athletic Footwear,In-store,VT,1378750
2021,Vermont,Amazon,Women's Athletic Footwear,Online,VT,34773
2021,Vermont,Amazon,Women's Athletic Footwear,Outlet,VT,33914
2021,Vermont,Amazon,Women's Street Footwear,In-store,VT,1545000
2021,Vermont,Amazon,Women's Street Footwear,Online,VT,40131
2021,Vermont,Amazon,Women's Street Footwear,Outlet,VT,35626
2021,Vermont,West Gear,Men's Athletic Footwear,In-store,VT,195000
2021,Vermont,West Gear,Men's Athletic Footwear,Online,VT,4455
2021,Vermont,West Gear,Men's Athletic Footwear,Outlet,VT,4606
2021,Vermont,West Gear,Men's Street Footwear,In-store,VT,315000
2021,Vermont,West Gear,Men's Street Footwear,Online,VT,8064
2021,Vermont,West Gear,Men's Street Footwear,Outlet,VT,7560
2021,Vermont,West Gear,Women's Apparel,In-store,VT,225000
2021,Vermont,West Gear,Women's Apparel,Online,VT,5751
2021,Vermont,West Gear,Women's Apparel,Outlet,VT,4860
2021,Vermont,West Gear,Women's Street Footwear,In-store,VT,192000
2021,Vermont,West Gear,Women's Street Footwear,Online,VT,5472
2021,Vermont,West Gear,Women's Street Footwear,Outlet,VT,4692
2021,Virginia,Foot Locker,Men's Apparel,In-store,VA,2068750
2021,Virginia,Foot Locker,Men's Apparel,Online,VA,51937
2021,Virginia,Foot Locker,Men's Apparel,Outlet,VA,51454
2021,Virginia,Foot Locker,Men's Athletic Footwear,In-store,VA,3616250
2021,Virginia,Foot Locker,Men's Athletic Footwear,Online,VA,93312
2021,Virginia,Foot Locker,Men's Athletic Footwear,Outlet,VA,80465
2021,Virginia,Foot Locker,Men's Street Footwear,In-store,VA,3681250
2021,Virginia,Foot Locker,Men's Street Footwear,Online,VA,99130
2021,Virginia,Foot Locker,Men's Street Footwear,Outlet,VA,87017
2021,Virginia,Foot Locker,Women's Apparel,In-store,VA,3105000
2021,Virginia,Foot Locker,Women's Apparel,Online,VA,80615
2021,Virginia,Foot Locker,Women's Apparel,Outlet,VA,74655
2021,Virginia,Foot Locker,Women's Athletic Footwear,In-store,VA,2122500
2021,Virginia,Foot Locker,Women's Athletic Footwear,Online,VA,53011
2021,Virginia,Foot Locker,Women's Athletic Footwear,Outlet,VA,51093
2021,Virginia,Foot Locker,Women's Street Footwear,In-store,VA,2653750
2021,Virginia,Foot Locker,Women's Street Footwear,Online,VA,70264
2021,Virginia,Foot Locker,Women's Street Footwear,Outlet,VA,61890
2021,Virginia,Sports Direct,Men's Apparel,In-store,VA,582500
2021,Virginia,Sports Direct,Men's Apparel,Online,VA,14822
2021,Virginia,Sports Direct,Men's Apparel,Outlet,VA,13463
2021,Virginia,Sports Direct,Men's Athletic Footwear,In-store,VA,350000
2021,Virginia,Sports Direct,Men's Athletic Footwear,Online,VA,9097
2021,Virginia,Sports Direct,Men's Athletic Footwear,Outlet,VA,9367
2021,Virginia,Sports Direct,Men's Street Footwear,In-store,VA,542500
2021,Virginia,Sports Direct,Men's Street Footwear,Online,VA,13702
2021,Virginia,Sports Direct,Men's Street Footwear,Outlet,VA,12015
2021,Virginia,Sports Direct,Women's Apparel,In-store,VA,681250
2021,Virginia,Sports Direct,Women's Apparel,Online,VA,16854
2021,Virginia,Sports Direct,Women's Apparel,Outlet,VA,17175
2021,Virginia,Sports Direct,Women's Athletic Footwear,In-store,VA,505000
2021,Virginia,Sports Direct,Women's Athletic Footwear,Online,VA,14084
2021,Virginia,Sports Direct,Women's Athletic Footwear,Outlet,VA,11832
2021,Virginia,Sports Direct,Women's Street Footwear,In-store,VA,647500
2021,Virginia,Sports Direct,Women's Street Footwear,Online,VA,16733
2021,Virginia,Sports Direct,Women's Street Footwear,Outlet,VA,14803
2021,West Virginia,Foot Locker,Men's Apparel,In-store,WV,478750
2021,West Virginia,Foot Locker,Men's Apparel,Online,WV,12017
2021,West Virginia,Foot Locker,Men's Athletic Footwear,In-store,WV,448750
2021,West Virginia,Foot Locker,Men's Athletic Footwear,Online,WV,12467
2021,West Virginia,Foot Locker,Men's Street Footwear,In-store,WV,940000
2021,West Virginia,Foot Locker,Men's Street Footwear,Online,WV,23622
2021,West Virginia,Foot Locker,Women's Apparel,In-store,WV,823750
2021,West Virginia,Foot Locker,Women's Apparel,Online,WV,20591
2021,West Virginia,Foot Locker,Women's Athletic Footwear,In-store,WV,345000
2021,West Virginia,Foot Locker,Women's Athletic Footwear,Online,WV,9424
2021,West Virginia,Foot Locker,Women's Street Footwear,In-store,WV,159500
2021,West Virginia,Foot Locker,Women's Street Footwear,Online,WV,3976
2021,West Virginia,West Gear,Men's Apparel,In-store,WV,1032500
2021,West Virginia,West Gear,Men's Apparel,Online,WV,26708
2021,West Virginia,West Gear,Men's Athletic Footwear,In-store,WV,1047500
2021,West Virginia,West Gear,Men's Athletic Footwear,Online,WV,27656
2021,West Virginia,West Gear,Men's Street Footwear,In-store,WV,1999250
2021,West Virginia,West Gear,Men's Street Footwear,Online,WV,51300
2021,West Virginia,West Gear,Women's Apparel,In-store,WV,1478750
2021,West Virginia,West Gear,Women's Apparel,Online,WV,38301
2021,West Virginia,West Gear,Women's Athletic Footwear,In-store,WV,680000
2021,West Virginia,West Gear,Women's Athletic Footwear,Online,WV,17044
2021,West Virginia,West Gear,Women's Street Footwear,In-store,WV,986250
2021,West Virginia,West Gear,Women's Street Footwear,Online,WV,26054
2021,Wisconsin,West Gear,Men's Apparel,In-store,WI,945000
2021,Wisconsin,West Gear,Men's Apparel,Online,WI,24692
2021,Wisconsin,West Gear,Men's Athletic Footwear,In-store,WI,1113750
2021,Wisconsin,West Gear,Men's Athletic Footwear,Online,WI,29149
2021,Wisconsin,West Gear,Men's Street Footwear,In-store,WI,2423500
2021,Wisconsin,West Gear,Men's Street Footwear,Online,WI,63506
2021,Wisconsin,West Gear,Women's Apparel,In-store,WI,1655000
2021,Wisconsin,West Gear,Women's Apparel,Online,WI,41874
2021,Wisconsin,West Gear,Women's Athletic Footwear,In-store,WI,611250
2021,Wisconsin,West Gear,Women's Athletic Footwear,Online,WI,16021
2021,Wisconsin,West Gear,Women's Street Footwear,In-store,WI,783250
2021,Wisconsin,West Gear,Women's Street Footwear,Online,WI,20477
2021,Wyoming,Foot Locker,Men's Apparel,In-store,WY,342500
2021,Wyoming,Foot Locker,Men's Apparel,Online,WY,9720
2021,Wyoming,Foot Locker,Men's Athletic Footwear,In-store,WY,280000
2021,Wyoming,Foot Locker,Men's Athletic Footwear,Online,WY,7560
2021,Wyoming,Foot Locker,Men's Street Footwear,In-store,WY,240000
2021,Wyoming,Foot Locker,Men's Street Footwear,Online,WY,5690
2021,Wyoming,Foot Locker,Women's Apparel,In-store,WY,520000
2021,Wyoming,Foot Locker,Women's Apparel,Online,WY,14152
2021,Wyoming,Foot Locker,Women's Athletic Footwear,In-store,WY,305000
2021,Wyoming,Foot Locker,Women's Athletic Footwear,Online,WY,7992
2021,Wyoming,Foot Locker,Women's Street Footwear,In-store,WY,527500
2021,Wyoming,Foot Locker,Women's Street Footwear,Online,WY,14241
2021,Wyoming,Kohl's,Men's Apparel,In-store,WY,2460000
2021,Wyoming,Kohl's,Men's Apparel,Online,WY,63680
2021,Wyoming,Kohl's,Men's Athletic Footwear,In-store,WY,2547500
2021,Wyoming,Kohl's,Men's Athletic Footwear,Online,WY,66438
2021,Wyoming,Kohl's,Men's Street Footwear,In-store,WY,4024250
2021,Wyoming,Kohl's,Men's Street Footwear,Online,WY,106107
2021,Wyoming,Kohl's,Women's Apparel,In-store,WY,3158750
2021,Wyoming,Kohl's,Women's Apparel,Online,WY,80684
2021,Wyoming,Kohl's,Women's Athletic Footwear,In-store,WY,1866250
2021,Wyoming,Kohl's,Women's Athletic Footwear,Online,WY,49103
2021,Wyoming,Kohl's,Women's Street Footwear,In-store,WY,1834000
2021,Wyoming,Kohl's,Women's Street Footwear,Online,WY,46400
